"id","prob_yes"
"7001",0.555555555555556
"7002",0.222222222222222
"7003",0.111111111111111
"7004",0.111111111111111
"7005",0.222222222222222
"7006",0.555555555555556
"7007",0.111111111111111
"7008",0.444444444444444
"7009",0
"7010",0.888888888888889
"7011",1
"7012",0.222222222222222
"7013",0.555555555555556
"7014",0.333333333333333
"7015",0.4
"7016",0.555555555555556
"7017",0.555555555555556
"7018",0.444444444444444
"7019",0.222222222222222
"7020",0.888888888888889
"7021",0.777777777777778
"7022",0.333333333333333
"7023",0.444444444444444
"7024",0.444444444444444
"7025",1
"7026",0.444444444444444
"7027",0.444444444444444
"7028",0.333333333333333
"7029",0.444444444444444
"7030",0.444444444444444
"7031",0.333333333333333
"7032",0.111111111111111
"7033",0.111111111111111
"7034",0.222222222222222
"7035",0.777777777777778
"7036",1
"7037",0.666666666666667
"7038",0.555555555555556
"7039",0.333333333333333
"7040",0.666666666666667
"7041",0.666666666666667
"7042",1
"7043",0.111111111111111
"7044",0.333333333333333
"7045",0.111111111111111
"7046",0
"7047",0.444444444444444
"7048",0.444444444444444
"7049",0.444444444444444
"7050",0.555555555555556
"7051",0.444444444444444
"7052",0.444444444444444
"7053",0.333333333333333
"7054",0.555555555555556
"7055",0.444444444444444
"7056",0.666666666666667
"7057",0.222222222222222
"7058",0.555555555555556
"7059",0.222222222222222
"7060",0.555555555555556
"7061",0.444444444444444
"7062",0.444444444444444
"7063",0.444444444444444
"7064",0.555555555555556
"7065",0
"7066",0.666666666666667
"7067",0
"7068",0.777777777777778
"7069",0.333333333333333
"7070",0.222222222222222
"7071",0.444444444444444
"7072",0.111111111111111
"7073",0.666666666666667
"7074",0.444444444444444
"7075",0.222222222222222
"7076",0.444444444444444
"7077",0.777777777777778
"7078",0.444444444444444
"7079",0.444444444444444
"7080",0.444444444444444
"7081",0.111111111111111
"7082",0.666666666666667
"7083",0.444444444444444
"7084",0.888888888888889
"7085",0.888888888888889
"7086",0.666666666666667
"7087",1
"7088",0.888888888888889
"7089",0.222222222222222
"7090",0.555555555555556
"7091",0.777777777777778
"7092",0.777777777777778
"7093",0
"7094",0.333333333333333
"7095",0
"7096",0.777777777777778
"7097",0.444444444444444
"7098",0.444444444444444
"7099",0.555555555555556
"7100",0.666666666666667
"7101",0.555555555555556
"7102",0.777777777777778
"7103",0.444444444444444
"7104",0.888888888888889
"7105",0.222222222222222
"7106",0.444444444444444
"7107",0.555555555555556
"7108",0.222222222222222
"7109",0.444444444444444
"7110",0.111111111111111
"7111",0.333333333333333
"7112",0.444444444444444
"7113",0.111111111111111
"7114",0.555555555555556
"7115",0.555555555555556
"7116",0.222222222222222
"7117",0.444444444444444
"7118",0.666666666666667
"7119",0.333333333333333
"7120",0.444444444444444
"7121",0.222222222222222
"7122",0.666666666666667
"7123",0.666666666666667
"7124",0
"7125",0.666666666666667
"7126",0.333333333333333
"7127",0.666666666666667
"7128",0
"7129",0.777777777777778
"7130",0.666666666666667
"7131",0.888888888888889
"7132",1
"7133",0.444444444444444
"7134",0.666666666666667
"7135",0.111111111111111
"7136",0.555555555555556
"7137",0.666666666666667
"7138",0.444444444444444
"7139",0.222222222222222
"7140",0.555555555555556
"7141",0.444444444444444
"7142",0.222222222222222
"7143",0.333333333333333
"7144",0.333333333333333
"7145",0.555555555555556
"7146",0.444444444444444
"7147",0.333333333333333
"7148",0
"7149",0.444444444444444
"7150",0.666666666666667
"7151",0.444444444444444
"7152",0.222222222222222
"7153",0.111111111111111
"7154",0.444444444444444
"7155",0
"7156",0.333333333333333
"7157",0.888888888888889
"7158",0.222222222222222
"7159",0.555555555555556
"7160",0.222222222222222
"7161",0.555555555555556
"7162",0.555555555555556
"7163",0.777777777777778
"7164",0.555555555555556
"7165",0.222222222222222
"7166",0.555555555555556
"7167",0.333333333333333
"7168",0.222222222222222
"7169",0.333333333333333
"7170",0.444444444444444
"7171",0
"7172",0.444444444444444
"7173",0.444444444444444
"7174",1
"7175",0.555555555555556
"7176",0.555555555555556
"7177",0.444444444444444
"7178",0.333333333333333
"7179",0.111111111111111
"7180",0
"7181",0.444444444444444
"7182",0.444444444444444
"7183",0.222222222222222
"7184",0.333333333333333
"7185",0.777777777777778
"7186",0.222222222222222
"7187",0
"7188",0.333333333333333
"7189",0.333333333333333
"7190",0.111111111111111
"7191",0.222222222222222
"7192",0
"7193",1
"7194",0.555555555555556
"7195",0.666666666666667
"7196",0.888888888888889
"7197",0.222222222222222
"7198",0.444444444444444
"7199",0.222222222222222
"7200",0.111111111111111
"7201",0.555555555555556
"7202",0.555555555555556
"7203",0.222222222222222
"7204",0
"7205",0.444444444444444
"7206",0.333333333333333
"7207",0.888888888888889
"7208",0.444444444444444
"7209",0.333333333333333
"7210",0
"7211",0.333333333333333
"7212",0.777777777777778
"7213",0.444444444444444
"7214",0.333333333333333
"7215",0.666666666666667
"7216",0.444444444444444
"7217",0.555555555555556
"7218",0.222222222222222
"7219",0.222222222222222
"7220",0.444444444444444
"7221",0.111111111111111
"7222",0.555555555555556
"7223",0.555555555555556
"7224",0.222222222222222
"7225",0.666666666666667
"7226",0.333333333333333
"7227",0.333333333333333
"7228",0.666666666666667
"7229",0.888888888888889
"7230",0.666666666666667
"7231",0.333333333333333
"7232",1
"7233",0.666666666666667
"7234",0.333333333333333
"7235",0.444444444444444
"7236",0.444444444444444
"7237",0.111111111111111
"7238",0.666666666666667
"7239",0.555555555555556
"7240",0.444444444444444
"7241",0.222222222222222
"7242",0.222222222222222
"7243",0.555555555555556
"7244",0.777777777777778
"7245",0
"7246",0.777777777777778
"7247",0.888888888888889
"7248",0.222222222222222
"7249",0.666666666666667
"7250",0.777777777777778
"7251",0.333333333333333
"7252",0.7
"7253",0.666666666666667
"7254",0.888888888888889
"7255",0.555555555555556
"7256",0.888888888888889
"7257",0.111111111111111
"7258",0.555555555555556
"7259",0.333333333333333
"7260",0.777777777777778
"7261",0.222222222222222
"7262",0.777777777777778
"7263",0.333333333333333
"7264",0.555555555555556
"7265",0.555555555555556
"7266",0.333333333333333
"7267",0.222222222222222
"7268",0.666666666666667
"7269",1
"7270",0.333333333333333
"7271",0.555555555555556
"7272",0.111111111111111
"7273",0.222222222222222
"7274",0.333333333333333
"7275",0.111111111111111
"7276",0.555555555555556
"7277",0.111111111111111
"7278",0.777777777777778
"7279",0.111111111111111
"7280",0.111111111111111
"7281",0
"7282",0.444444444444444
"7283",0.222222222222222
"7284",0.777777777777778
"7285",0.555555555555556
"7286",0.555555555555556
"7287",0.777777777777778
"7288",0.555555555555556
"7289",0.333333333333333
"7290",0.444444444444444
"7291",1
"7292",0.333333333333333
"7293",0.888888888888889
"7294",0.666666666666667
"7295",0.444444444444444
"7296",0.555555555555556
"7297",0.333333333333333
"7298",0.777777777777778
"7299",0.111111111111111
"7300",0.333333333333333
"7301",0.888888888888889
"7302",0.666666666666667
"7303",0.555555555555556
"7304",0.555555555555556
"7305",0.111111111111111
"7306",0.333333333333333
"7307",0.444444444444444
"7308",0.444444444444444
"7309",0
"7310",0.444444444444444
"7311",0.888888888888889
"7312",0.666666666666667
"7313",0.444444444444444
"7314",0.777777777777778
"7315",0.666666666666667
"7316",0.444444444444444
"7317",0.222222222222222
"7318",0.222222222222222
"7319",0
"7320",0.888888888888889
"7321",0.222222222222222
"7322",0.111111111111111
"7323",0.444444444444444
"7324",0.777777777777778
"7325",0.222222222222222
"7326",0.777777777777778
"7327",0.444444444444444
"7328",0.222222222222222
"7329",0.333333333333333
"7330",0.777777777777778
"7331",0.333333333333333
"7332",0.333333333333333
"7333",0.666666666666667
"7334",0.777777777777778
"7335",0.888888888888889
"7336",0.111111111111111
"7337",0.555555555555556
"7338",0.333333333333333
"7339",0.888888888888889
"7340",0.222222222222222
"7341",0.222222222222222
"7342",0.444444444444444
"7343",0.888888888888889
"7344",0.222222222222222
"7345",0.444444444444444
"7346",0.333333333333333
"7347",0.555555555555556
"7348",0.333333333333333
"7349",0.333333333333333
"7350",0.555555555555556
"7351",0.555555555555556
"7352",0.333333333333333
"7353",0.444444444444444
"7354",0.444444444444444
"7355",0.888888888888889
"7356",0.333333333333333
"7357",0.333333333333333
"7358",0.222222222222222
"7359",0.444444444444444
"7360",0.444444444444444
"7361",0.444444444444444
"7362",0.666666666666667
"7363",0.888888888888889
"7364",0.222222222222222
"7365",0.555555555555556
"7366",0.222222222222222
"7367",0.333333333333333
"7368",0.444444444444444
"7369",0.111111111111111
"7370",0.666666666666667
"7371",0.777777777777778
"7372",0.666666666666667
"7373",0.666666666666667
"7374",0.555555555555556
"7375",0.444444444444444
"7376",0
"7377",0.777777777777778
"7378",0.333333333333333
"7379",0.777777777777778
"7380",0.111111111111111
"7381",0.333333333333333
"7382",0.222222222222222
"7383",0.444444444444444
"7384",0.222222222222222
"7385",0.444444444444444
"7386",0.444444444444444
"7387",0.444444444444444
"7388",0.444444444444444
"7389",0.333333333333333
"7390",0.333333333333333
"7391",1
"7392",0.555555555555556
"7393",0.444444444444444
"7394",0.333333333333333
"7395",0.777777777777778
"7396",0.222222222222222
"7397",0.333333333333333
"7398",0.555555555555556
"7399",0.444444444444444
"7400",0.777777777777778
"7401",0.555555555555556
"7402",0.444444444444444
"7403",0.222222222222222
"7404",0.444444444444444
"7405",1
"7406",0.666666666666667
"7407",0.444444444444444
"7408",0.444444444444444
"7409",0.888888888888889
"7410",0.444444444444444
"7411",0.222222222222222
"7412",0.555555555555556
"7413",0.888888888888889
"7414",0.222222222222222
"7415",0
"7416",0.555555555555556
"7417",0.222222222222222
"7418",0.555555555555556
"7419",0.666666666666667
"7420",0.111111111111111
"7421",0.666666666666667
"7422",0.777777777777778
"7423",0.111111111111111
"7424",0.111111111111111
"7425",0.555555555555556
"7426",0.111111111111111
"7427",0.222222222222222
"7428",0.333333333333333
"7429",0.111111111111111
"7430",0.555555555555556
"7431",0.444444444444444
"7432",0.555555555555556
"7433",0.888888888888889
"7434",0.333333333333333
"7435",0.444444444444444
"7436",0
"7437",0.444444444444444
"7438",0.111111111111111
"7439",0
"7440",0.333333333333333
"7441",0.222222222222222
"7442",0.777777777777778
"7443",0.555555555555556
"7444",0.222222222222222
"7445",1
"7446",0.666666666666667
"7447",0.111111111111111
"7448",0.666666666666667
"7449",0.444444444444444
"7450",0.111111111111111
"7451",0.333333333333333
"7452",0.555555555555556
"7453",0.777777777777778
"7454",0.333333333333333
"7455",0.555555555555556
"7456",0.111111111111111
"7457",0.111111111111111
"7458",0.111111111111111
"7459",0.777777777777778
"7460",0.555555555555556
"7461",0.555555555555556
"7462",0.333333333333333
"7463",0.888888888888889
"7464",0.555555555555556
"7465",0.222222222222222
"7466",0.444444444444444
"7467",0.666666666666667
"7468",0.555555555555556
"7469",0.111111111111111
"7470",1
"7471",0.444444444444444
"7472",0.777777777777778
"7473",0.555555555555556
"7474",0.777777777777778
"7475",0.555555555555556
"7476",0
"7477",0.333333333333333
"7478",0.333333333333333
"7479",0.333333333333333
"7480",0.111111111111111
"7481",0.555555555555556
"7482",0.333333333333333
"7483",0.333333333333333
"7484",0.111111111111111
"7485",0.777777777777778
"7486",0.888888888888889
"7487",0.222222222222222
"7488",0.555555555555556
"7489",0.444444444444444
"7490",0.444444444444444
"7491",0.333333333333333
"7492",0.444444444444444
"7493",0.333333333333333
"7494",0.666666666666667
"7495",0
"7496",0
"7497",0.333333333333333
"7498",0.333333333333333
"7499",0.222222222222222
"7500",0.888888888888889
"7501",0.777777777777778
"7502",0
"7503",0.111111111111111
"7504",0.555555555555556
"7505",0
"7506",0.444444444444444
"7507",0.444444444444444
"7508",0.333333333333333
"7509",0.222222222222222
"7510",0.555555555555556
"7511",0.333333333333333
"7512",0.555555555555556
"7513",0.444444444444444
"7514",0.444444444444444
"7515",0
"7516",0.222222222222222
"7517",0.555555555555556
"7518",0.555555555555556
"7519",0.666666666666667
"7520",0.222222222222222
"7521",0.666666666666667
"7522",0.333333333333333
"7523",0.777777777777778
"7524",0.444444444444444
"7525",0.555555555555556
"7526",0.333333333333333
"7527",0.666666666666667
"7528",0.777777777777778
"7529",0
"7530",0.333333333333333
"7531",0.333333333333333
"7532",0.666666666666667
"7533",0.222222222222222
"7534",0.777777777777778
"7535",0.222222222222222
"7536",0.333333333333333
"7537",0
"7538",0.333333333333333
"7539",1
"7540",0.666666666666667
"7541",0.444444444444444
"7542",0.333333333333333
"7543",0.444444444444444
"7544",0.888888888888889
"7545",0.888888888888889
"7546",0.111111111111111
"7547",0.333333333333333
"7548",0.111111111111111
"7549",0.555555555555556
"7550",0.777777777777778
"7551",0.444444444444444
"7552",0.333333333333333
"7553",0.333333333333333
"7554",1
"7555",0.555555555555556
"7556",0.222222222222222
"7557",0.222222222222222
"7558",0.222222222222222
"7559",0.444444444444444
"7560",0.333333333333333
"7561",0.666666666666667
"7562",0.444444444444444
"7563",0.777777777777778
"7564",0.222222222222222
"7565",0.666666666666667
"7566",0.444444444444444
"7567",0.444444444444444
"7568",0.555555555555556
"7569",0.333333333333333
"7570",0.222222222222222
"7571",0.888888888888889
"7572",0.333333333333333
"7573",0.222222222222222
"7574",0.444444444444444
"7575",0.555555555555556
"7576",0.444444444444444
"7577",1
"7578",0
"7579",0.111111111111111
"7580",0.666666666666667
"7581",0.555555555555556
"7582",0.444444444444444
"7583",0.666666666666667
"7584",0.111111111111111
"7585",0.111111111111111
"7586",0.333333333333333
"7587",0.111111111111111
"7588",0.333333333333333
"7589",0.666666666666667
"7590",0.111111111111111
"7591",0.222222222222222
"7592",0.555555555555556
"7593",0.444444444444444
"7594",0.666666666666667
"7595",0.777777777777778
"7596",0.777777777777778
"7597",0.666666666666667
"7598",0.777777777777778
"7599",0.222222222222222
"7600",0.444444444444444
"7601",0.333333333333333
"7602",0
"7603",0
"7604",1
"7605",0.555555555555556
"7606",0.444444444444444
"7607",0.333333333333333
"7608",0.666666666666667
"7609",0.444444444444444
"7610",0.444444444444444
"7611",0.222222222222222
"7612",0.555555555555556
"7613",1
"7614",0.333333333333333
"7615",0.555555555555556
"7616",0.666666666666667
"7617",0.444444444444444
"7618",0.222222222222222
"7619",0.222222222222222
"7620",0.555555555555556
"7621",0.333333333333333
"7622",0.222222222222222
"7623",0.888888888888889
"7624",0.444444444444444
"7625",0.333333333333333
"7626",0.777777777777778
"7627",0.333333333333333
"7628",0.222222222222222
"7629",0.666666666666667
"7630",0.222222222222222
"7631",1
"7632",0.444444444444444
"7633",0.444444444444444
"7634",0.555555555555556
"7635",0.444444444444444
"7636",0.222222222222222
"7637",0.666666666666667
"7638",0.555555555555556
"7639",0.444444444444444
"7640",0.222222222222222
"7641",0.555555555555556
"7642",0.555555555555556
"7643",0.222222222222222
"7644",0.222222222222222
"7645",0.222222222222222
"7646",0.666666666666667
"7647",0.666666666666667
"7648",0.888888888888889
"7649",0.555555555555556
"7650",1
"7651",0.666666666666667
"7652",0.555555555555556
"7653",0.222222222222222
"7654",0.333333333333333
"7655",0.444444444444444
"7656",0.888888888888889
"7657",0.333333333333333
"7658",0.666666666666667
"7659",0.111111111111111
"7660",0.555555555555556
"7661",0.333333333333333
"7662",1
"7663",0.444444444444444
"7664",0.555555555555556
"7665",0.111111111111111
"7666",0.666666666666667
"7667",0
"7668",0.888888888888889
"7669",1
"7670",0.222222222222222
"7671",0.444444444444444
"7672",0.333333333333333
"7673",0.222222222222222
"7674",0.111111111111111
"7675",0.222222222222222
"7676",0.555555555555556
"7677",0.444444444444444
"7678",0.222222222222222
"7679",0.222222222222222
"7680",0.111111111111111
"7681",0.333333333333333
"7682",0.666666666666667
"7683",0.222222222222222
"7684",0.444444444444444
"7685",0.444444444444444
"7686",0.777777777777778
"7687",0.777777777777778
"7688",0.444444444444444
"7689",0.222222222222222
"7690",0.333333333333333
"7691",0.555555555555556
"7692",0.666666666666667
"7693",0.555555555555556
"7694",0.444444444444444
"7695",0.333333333333333
"7696",0.444444444444444
"7697",0.444444444444444
"7698",0.555555555555556
"7699",0.666666666666667
"7700",0.222222222222222
"7701",0.444444444444444
"7702",0.222222222222222
"7703",0.888888888888889
"7704",0.333333333333333
"7705",0.555555555555556
"7706",0.222222222222222
"7707",0.111111111111111
"7708",0
"7709",0.333333333333333
"7710",0.222222222222222
"7711",0.777777777777778
"7712",0.777777777777778
"7713",0.555555555555556
"7714",0.222222222222222
"7715",0.444444444444444
"7716",0.444444444444444
"7717",0.111111111111111
"7718",0.333333333333333
"7719",0.555555555555556
"7720",0.555555555555556
"7721",0.222222222222222
"7722",0.111111111111111
"7723",0.222222222222222
"7724",0.222222222222222
"7725",0.888888888888889
"7726",0.111111111111111
"7727",0.444444444444444
"7728",0.666666666666667
"7729",0.888888888888889
"7730",0.111111111111111
"7731",0.777777777777778
"7732",0.555555555555556
"7733",0.333333333333333
"7734",0.333333333333333
"7735",0
"7736",0.666666666666667
"7737",0.333333333333333
"7738",0.555555555555556
"7739",0
"7740",0.333333333333333
"7741",0.555555555555556
"7742",0.555555555555556
"7743",0
"7744",0.333333333333333
"7745",0.666666666666667
"7746",0.333333333333333
"7747",0.333333333333333
"7748",0.444444444444444
"7749",0.777777777777778
"7750",0.777777777777778
"7751",0.666666666666667
"7752",0.777777777777778
"7753",0.888888888888889
"7754",0.555555555555556
"7755",0.444444444444444
"7756",0.777777777777778
"7757",0.444444444444444
"7758",0.777777777777778
"7759",0.333333333333333
"7760",0.444444444444444
"7761",0.222222222222222
"7762",0
"7763",0.444444444444444
"7764",0.888888888888889
"7765",0.333333333333333
"7766",0.444444444444444
"7767",0.111111111111111
"7768",0.111111111111111
"7769",0.666666666666667
"7770",0
"7771",0.444444444444444
"7772",0.666666666666667
"7773",0.222222222222222
"7774",0.777777777777778
"7775",1
"7776",0.444444444444444
"7777",0.222222222222222
"7778",0
"7779",0.666666666666667
"7780",0.444444444444444
"7781",0.444444444444444
"7782",0.555555555555556
"7783",0.888888888888889
"7784",0.444444444444444
"7785",0.111111111111111
"7786",0.111111111111111
"7787",0.222222222222222
"7788",0.333333333333333
"7789",0.555555555555556
"7790",1
"7791",0
"7792",0.111111111111111
"7793",0.555555555555556
"7794",0.777777777777778
"7795",0.222222222222222
"7796",0.888888888888889
"7797",0.444444444444444
"7798",0.555555555555556
"7799",0.333333333333333
"7800",0.111111111111111
"7801",0.444444444444444
"7802",0.333333333333333
"7803",0.888888888888889
"7804",0.555555555555556
"7805",0.555555555555556
"7806",0.666666666666667
"7807",0.111111111111111
"7808",0.222222222222222
"7809",0.111111111111111
"7810",0.444444444444444
"7811",0.444444444444444
"7812",0.333333333333333
"7813",0.444444444444444
"7814",0.222222222222222
"7815",0.777777777777778
"7816",0.555555555555556
"7817",0.666666666666667
"7818",0.222222222222222
"7819",0.222222222222222
"7820",0.444444444444444
"7821",0.333333333333333
"7822",0.222222222222222
"7823",0.111111111111111
"7824",0.666666666666667
"7825",0.222222222222222
"7826",0.111111111111111
"7827",0.555555555555556
"7828",0.777777777777778
"7829",0.555555555555556
"7830",0.888888888888889
"7831",0.333333333333333
"7832",0.555555555555556
"7833",0.111111111111111
"7834",0.333333333333333
"7835",0.555555555555556
"7836",0
"7837",0.444444444444444
"7838",0.777777777777778
"7839",0
"7840",0.555555555555556
"7841",0.666666666666667
"7842",0.555555555555556
"7843",0.555555555555556
"7844",0.111111111111111
"7845",1
"7846",0.555555555555556
"7847",0.444444444444444
"7848",0
"7849",0.444444444444444
"7850",0.444444444444444
"7851",0.888888888888889
"7852",0.777777777777778
"7853",0.333333333333333
"7854",0.333333333333333
"7855",0.555555555555556
"7856",0.777777777777778
"7857",0.444444444444444
"7858",0.222222222222222
"7859",0.222222222222222
"7860",0.777777777777778
"7861",0.444444444444444
"7862",0.222222222222222
"7863",0.444444444444444
"7864",0
"7865",0.333333333333333
"7866",0.333333333333333
"7867",0.222222222222222
"7868",0.444444444444444
"7869",0.444444444444444
"7870",0.555555555555556
"7871",0.555555555555556
"7872",1
"7873",0.555555555555556
"7874",0.333333333333333
"7875",0.222222222222222
"7876",0.333333333333333
"7877",0.444444444444444
"7878",0.666666666666667
"7879",0
"7880",0.444444444444444
"7881",0.333333333333333
"7882",0.555555555555556
"7883",0.666666666666667
"7884",0
"7885",0.555555555555556
"7886",0.222222222222222
"7887",0.333333333333333
"7888",0.222222222222222
"7889",0.333333333333333
"7890",0.444444444444444
"7891",0.222222222222222
"7892",0.222222222222222
"7893",0.777777777777778
"7894",0
"7895",0.444444444444444
"7896",0.222222222222222
"7897",0.666666666666667
"7898",0.555555555555556
"7899",0.666666666666667
"7900",0.333333333333333
"7901",0.444444444444444
"7902",0.777777777777778
"7903",0.111111111111111
"7904",0.444444444444444
"7905",0.333333333333333
"7906",0.555555555555556
"7907",0.222222222222222
"7908",0.333333333333333
"7909",0.444444444444444
"7910",0.666666666666667
"7911",0.444444444444444
"7912",0.666666666666667
"7913",0.222222222222222
"7914",0.666666666666667
"7915",0.222222222222222
"7916",0.333333333333333
"7917",1
"7918",0
"7919",0.666666666666667
"7920",0.444444444444444
"7921",0.111111111111111
"7922",0.333333333333333
"7923",0.333333333333333
"7924",0
"7925",0.333333333333333
"7926",0.555555555555556
"7927",0
"7928",0.666666666666667
"7929",0.555555555555556
"7930",0.333333333333333
"7931",0.111111111111111
"7932",0.222222222222222
"7933",0.555555555555556
"7934",0.333333333333333
"7935",0.444444444444444
"7936",0.888888888888889
"7937",0.888888888888889
"7938",0.555555555555556
"7939",0.222222222222222
"7940",0.444444444444444
"7941",0.333333333333333
"7942",0.555555555555556
"7943",0.777777777777778
"7944",0.111111111111111
"7945",0.222222222222222
"7946",0.666666666666667
"7947",0.333333333333333
"7948",0.666666666666667
"7949",0.444444444444444
"7950",0.555555555555556
"7951",0.777777777777778
"7952",0.222222222222222
"7953",0.444444444444444
"7954",0.111111111111111
"7955",0.444444444444444
"7956",0.333333333333333
"7957",0.777777777777778
"7958",0.666666666666667
"7959",0.555555555555556
"7960",0.222222222222222
"7961",0.111111111111111
"7962",0.444444444444444
"7963",0.777777777777778
"7964",0.888888888888889
"7965",0.333333333333333
"7966",0.444444444444444
"7967",0.222222222222222
"7968",0.333333333333333
"7969",0
"7970",0.333333333333333
"7971",0.555555555555556
"7972",0.666666666666667
"7973",0.333333333333333
"7974",0.222222222222222
"7975",0
"7976",0.666666666666667
"7977",0.222222222222222
"7978",0.888888888888889
"7979",0.333333333333333
"7980",0.666666666666667
"7981",0.555555555555556
"7982",0.111111111111111
"7983",0.444444444444444
"7984",0.333333333333333
"7985",0.555555555555556
"7986",0.444444444444444
"7987",0.777777777777778
"7988",0.222222222222222
"7989",0.555555555555556
"7990",0.111111111111111
"7991",0.444444444444444
"7992",0.777777777777778
"7993",0.111111111111111
"7994",0.777777777777778
"7995",0.222222222222222
"7996",0.666666666666667
"7997",0.222222222222222
"7998",0.555555555555556
"7999",0.333333333333333
"8000",0.333333333333333
"8001",0.111111111111111
"8002",0.777777777777778
"8003",0.111111111111111
"8004",0.444444444444444
"8005",0.666666666666667
"8006",0.555555555555556
"8007",0.444444444444444
"8008",0.444444444444444
"8009",0.333333333333333
"8010",0.333333333333333
"8011",0.333333333333333
"8012",0.555555555555556
"8013",0.555555555555556
"8014",0.333333333333333
"8015",0.444444444444444
"8016",0.555555555555556
"8017",0
"8018",0.444444444444444
"8019",0.111111111111111
"8020",0.666666666666667
"8021",0.888888888888889
"8022",0.333333333333333
"8023",0.222222222222222
"8024",0.444444444444444
"8025",0.555555555555556
"8026",0.555555555555556
"8027",0.333333333333333
"8028",0.666666666666667
"8029",0.333333333333333
"8030",0.888888888888889
"8031",0.666666666666667
"8032",0.333333333333333
"8033",1
"8034",0.666666666666667
"8035",0.111111111111111
"8036",0.333333333333333
"8037",0.222222222222222
"8038",0.222222222222222
"8039",0.333333333333333
"8040",0.555555555555556
"8041",0.222222222222222
"8042",0.333333333333333
"8043",0.333333333333333
"8044",0.444444444444444
"8045",0.222222222222222
"8046",0.333333333333333
"8047",0.333333333333333
"8048",0.222222222222222
"8049",1
"8050",0.222222222222222
"8051",0.888888888888889
"8052",0.222222222222222
"8053",0.444444444444444
"8054",0.555555555555556
"8055",0.333333333333333
"8056",0.222222222222222
"8057",0.111111111111111
"8058",0.222222222222222
"8059",0.444444444444444
"8060",1
"8061",0.222222222222222
"8062",0.222222222222222
"8063",0.222222222222222
"8064",0.111111111111111
"8065",0.888888888888889
"8066",0
"8067",0.333333333333333
"8068",0.666666666666667
"8069",0.333333333333333
"8070",0.444444444444444
"8071",0.777777777777778
"8072",0.333333333333333
"8073",0.222222222222222
"8074",0.666666666666667
"8075",0.222222222222222
"8076",0.222222222222222
"8077",0.444444444444444
"8078",0.333333333333333
"8079",0.111111111111111
"8080",0.444444444444444
"8081",0.333333333333333
"8082",0.111111111111111
"8083",0.555555555555556
"8084",0.222222222222222
"8085",0.333333333333333
"8086",0.444444444444444
"8087",0
"8088",0.111111111111111
"8089",0.666666666666667
"8090",0.555555555555556
"8091",0.111111111111111
"8092",0.111111111111111
"8093",0.777777777777778
"8094",0.555555555555556
"8095",0.444444444444444
"8096",1
"8097",0.111111111111111
"8098",0.111111111111111
"8099",0.111111111111111
"8100",0.555555555555556
"8101",0.111111111111111
"8102",0.333333333333333
"8103",0.888888888888889
"8104",0.111111111111111
"8105",0.666666666666667
"8106",0.111111111111111
"8107",0.444444444444444
"8108",0.333333333333333
"8109",0.333333333333333
"8110",0.888888888888889
"8111",0.111111111111111
"8112",0.444444444444444
"8113",0.222222222222222
"8114",0.111111111111111
"8115",0.111111111111111
"8116",0.777777777777778
"8117",0.222222222222222
"8118",0.666666666666667
"8119",0.333333333333333
"8120",0.555555555555556
"8121",0.666666666666667
"8122",0.555555555555556
"8123",0.777777777777778
"8124",0.555555555555556
"8125",0.111111111111111
"8126",0.333333333333333
"8127",0.333333333333333
"8128",0
"8129",0.888888888888889
"8130",0.555555555555556
"8131",0.333333333333333
"8132",0.444444444444444
"8133",0.666666666666667
"8134",0.555555555555556
"8135",0.666666666666667
"8136",0.222222222222222
"8137",0.111111111111111
"8138",0.444444444444444
"8139",0.555555555555556
"8140",0.333333333333333
"8141",0.555555555555556
"8142",0.222222222222222
"8143",0.444444444444444
"8144",0.666666666666667
"8145",0.777777777777778
"8146",0.444444444444444
"8147",0.666666666666667
"8148",0.444444444444444
"8149",0.111111111111111
"8150",0.555555555555556
"8151",0.444444444444444
"8152",0.222222222222222
"8153",0.666666666666667
"8154",0.222222222222222
"8155",0.555555555555556
"8156",0.111111111111111
"8157",0.444444444444444
"8158",0.222222222222222
"8159",0.222222222222222
"8160",0
"8161",0.444444444444444
"8162",0.666666666666667
"8163",1
"8164",0.333333333333333
"8165",0.888888888888889
"8166",0.444444444444444
"8167",0.666666666666667
"8168",0.444444444444444
"8169",0.444444444444444
"8170",0.222222222222222
"8171",0.555555555555556
"8172",0.666666666666667
"8173",0.555555555555556
"8174",0.444444444444444
"8175",0.444444444444444
"8176",0.666666666666667
"8177",0.555555555555556
"8178",0.666666666666667
"8179",0.111111111111111
"8180",0.222222222222222
"8181",0
"8182",0.333333333333333
"8183",0.555555555555556
"8184",0.222222222222222
"8185",0.555555555555556
"8186",0
"8187",0.555555555555556
"8188",0.222222222222222
"8189",0.555555555555556
"8190",0.555555555555556
"8191",0.333333333333333
"8192",0.444444444444444
"8193",0.555555555555556
"8194",0.222222222222222
"8195",0.111111111111111
"8196",0.555555555555556
"8197",0.444444444444444
"8198",0.333333333333333
"8199",0.777777777777778
"8200",0.222222222222222
"8201",0.888888888888889
"8202",0.666666666666667
"8203",0.555555555555556
"8204",0.111111111111111
"8205",0.333333333333333
"8206",0.333333333333333
"8207",0
"8208",0.222222222222222
"8209",0.444444444444444
"8210",0.333333333333333
"8211",0.444444444444444
"8212",0.444444444444444
"8213",0.111111111111111
"8214",0.888888888888889
"8215",0.777777777777778
"8216",0.555555555555556
"8217",0.666666666666667
"8218",0.555555555555556
"8219",0.666666666666667
"8220",0.555555555555556
"8221",0.222222222222222
"8222",0.777777777777778
"8223",0.888888888888889
"8224",0.666666666666667
"8225",0.111111111111111
"8226",0.777777777777778
"8227",0.333333333333333
"8228",0.777777777777778
"8229",0.888888888888889
"8230",0.222222222222222
"8231",0.111111111111111
"8232",0
"8233",0.666666666666667
"8234",0.444444444444444
"8235",0.666666666666667
"8236",0.555555555555556
"8237",0.555555555555556
"8238",0.333333333333333
"8239",0.444444444444444
"8240",0.444444444444444
"8241",0.777777777777778
"8242",0.333333333333333
"8243",0.888888888888889
"8244",0.222222222222222
"8245",0.333333333333333
"8246",0
"8247",0.333333333333333
"8248",0.777777777777778
"8249",0.444444444444444
"8250",0.111111111111111
"8251",0.777777777777778
"8252",0.777777777777778
"8253",0.444444444444444
"8254",0.222222222222222
"8255",0.444444444444444
"8256",0.333333333333333
"8257",0.222222222222222
"8258",1
"8259",0.777777777777778
"8260",0.555555555555556
"8261",0.333333333333333
"8262",0.555555555555556
"8263",0.888888888888889
"8264",0.444444444444444
"8265",0.222222222222222
"8266",1
"8267",0.555555555555556
"8268",0.111111111111111
"8269",0.444444444444444
"8270",0.555555555555556
"8271",0.888888888888889
"8272",0.444444444444444
"8273",0.444444444444444
"8274",0.333333333333333
"8275",0.666666666666667
"8276",0.666666666666667
"8277",0.555555555555556
"8278",0.777777777777778
"8279",0.111111111111111
"8280",0.444444444444444
"8281",0.222222222222222
"8282",0.222222222222222
"8283",0.777777777777778
"8284",0.444444444444444
"8285",0.333333333333333
"8286",0.666666666666667
"8287",0.555555555555556
"8288",0.555555555555556
"8289",0.666666666666667
"8290",0.333333333333333
"8291",0.444444444444444
"8292",0.444444444444444
"8293",0.444444444444444
"8294",0.777777777777778
"8295",0.555555555555556
"8296",0.333333333333333
"8297",0.111111111111111
"8298",0.555555555555556
"8299",0.555555555555556
"8300",0.555555555555556
"8301",1
"8302",1
"8303",0.222222222222222
"8304",0.444444444444444
"8305",0.333333333333333
"8306",0.444444444444444
"8307",0
"8308",0.222222222222222
"8309",0.444444444444444
"8310",0.777777777777778
"8311",0.888888888888889
"8312",0
"8313",0.666666666666667
"8314",0.555555555555556
"8315",0.333333333333333
"8316",0.666666666666667
"8317",0.888888888888889
"8318",0.222222222222222
"8319",0.666666666666667
"8320",0.111111111111111
"8321",0.222222222222222
"8322",0.444444444444444
"8323",0.222222222222222
"8324",0.777777777777778
"8325",0.444444444444444
"8326",0.444444444444444
"8327",0
"8328",0.555555555555556
"8329",0.222222222222222
"8330",0.444444444444444
"8331",0.111111111111111
"8332",0.444444444444444
"8333",0.444444444444444
"8334",0
"8335",0.888888888888889
"8336",0.666666666666667
"8337",0.777777777777778
"8338",0.888888888888889
"8339",1
"8340",0.555555555555556
"8341",0.888888888888889
"8342",0.777777777777778
"8343",0.444444444444444
"8344",0.333333333333333
"8345",0.222222222222222
"8346",0.222222222222222
"8347",0.666666666666667
"8348",0.666666666666667
"8349",0.333333333333333
"8350",1
"8351",0.222222222222222
"8352",0.888888888888889
"8353",0.555555555555556
"8354",0.444444444444444
"8355",0.555555555555556
"8356",0.111111111111111
"8357",0.222222222222222
"8358",0.5
"8359",0.444444444444444
"8360",0.555555555555556
"8361",0.888888888888889
"8362",0.555555555555556
"8363",0.333333333333333
"8364",0.222222222222222
"8365",0.444444444444444
"8366",0.111111111111111
"8367",0.444444444444444
"8368",0
"8369",0.111111111111111
"8370",0.111111111111111
"8371",0.555555555555556
"8372",0.777777777777778
"8373",0.777777777777778
"8374",0.222222222222222
"8375",0.666666666666667
"8376",0.333333333333333
"8377",0.333333333333333
"8378",0.444444444444444
"8379",0.333333333333333
"8380",0.666666666666667
"8381",0.111111111111111
"8382",0.333333333333333
"8383",0.555555555555556
"8384",0.333333333333333
"8385",0.444444444444444
"8386",0.444444444444444
"8387",0.777777777777778
"8388",0.888888888888889
"8389",0
"8390",0.555555555555556
"8391",0.444444444444444
"8392",0
"8393",0.222222222222222
"8394",0.444444444444444
"8395",0.111111111111111
"8396",0.555555555555556
"8397",0.444444444444444
"8398",0.888888888888889
"8399",0.777777777777778
"8400",0.444444444444444
"8401",0.555555555555556
"8402",0.777777777777778
"8403",0.111111111111111
"8404",0.222222222222222
"8405",0.777777777777778
"8406",0.555555555555556
"8407",0.111111111111111
"8408",0.111111111111111
"8409",0.555555555555556
"8410",0.333333333333333
"8411",0.444444444444444
"8412",1
"8413",0.222222222222222
"8414",0.777777777777778
"8415",0.444444444444444
"8416",0.888888888888889
"8417",0.111111111111111
"8418",0.888888888888889
"8419",0.888888888888889
"8420",0.666666666666667
"8421",0.666666666666667
"8422",0.111111111111111
"8423",0.222222222222222
"8424",0.222222222222222
"8425",0.444444444444444
"8426",0.333333333333333
"8427",0.666666666666667
"8428",1
"8429",0.444444444444444
"8430",0.444444444444444
"8431",0.111111111111111
"8432",0.333333333333333
"8433",0.777777777777778
"8434",0.444444444444444
"8435",0.666666666666667
"8436",0.888888888888889
"8437",0.333333333333333
"8438",0.333333333333333
"8439",0.222222222222222
"8440",0.444444444444444
"8441",0.444444444444444
"8442",0.222222222222222
"8443",0
"8444",0.555555555555556
"8445",0.666666666666667
"8446",0.222222222222222
"8447",0.555555555555556
"8448",0.777777777777778
"8449",0.555555555555556
"8450",0.777777777777778
"8451",0.222222222222222
"8452",0.111111111111111
"8453",0.888888888888889
"8454",0.555555555555556
"8455",0.111111111111111
"8456",0.333333333333333
"8457",0.333333333333333
"8458",0.444444444444444
"8459",0.333333333333333
"8460",0.111111111111111
"8461",0.555555555555556
"8462",0.666666666666667
"8463",0.222222222222222
"8464",0.222222222222222
"8465",0.666666666666667
"8466",0.333333333333333
"8467",0.333333333333333
"8468",0.888888888888889
"8469",0.111111111111111
"8470",0.444444444444444
"8471",0.888888888888889
"8472",0.666666666666667
"8473",0.333333333333333
"8474",0.555555555555556
"8475",0.555555555555556
"8476",0
"8477",0.222222222222222
"8478",0.444444444444444
"8479",0.666666666666667
"8480",0.444444444444444
"8481",0.222222222222222
"8482",0.666666666666667
"8483",0.222222222222222
"8484",0.888888888888889
"8485",1
"8486",0.333333333333333
"8487",0.888888888888889
"8488",1
"8489",0
"8490",0.888888888888889
"8491",0
"8492",0
"8493",0.333333333333333
"8494",0.444444444444444
"8495",0.222222222222222
"8496",0.333333333333333
"8497",0.555555555555556
"8498",0.555555555555556
"8499",0.666666666666667
"8500",0.333333333333333
"8501",0.555555555555556
"8502",0.888888888888889
"8503",0.222222222222222
"8504",0.333333333333333
"8505",0.666666666666667
"8506",0.444444444444444
"8507",0.444444444444444
"8508",0.222222222222222
"8509",0.333333333333333
"8510",0.222222222222222
"8511",1
"8512",0.222222222222222
"8513",0.333333333333333
"8514",0.666666666666667
"8515",0.666666666666667
"8516",0.777777777777778
"8517",0.444444444444444
"8518",0.666666666666667
"8519",0.111111111111111
"8520",0.444444444444444
"8521",0.666666666666667
"8522",0.555555555555556
"8523",0.111111111111111
"8524",0.444444444444444
"8525",0.555555555555556
"8526",0.111111111111111
"8527",0.555555555555556
"8528",0.333333333333333
"8529",0.444444444444444
"8530",0.333333333333333
"8531",0.555555555555556
"8532",0.555555555555556
"8533",0.333333333333333
"8534",0.777777777777778
"8535",0.111111111111111
"8536",0.222222222222222
"8537",0.333333333333333
"8538",0.222222222222222
"8539",0.444444444444444
"8540",0.444444444444444
"8541",0.444444444444444
"8542",0.111111111111111
"8543",0.222222222222222
"8544",0.666666666666667
"8545",0.333333333333333
"8546",0.444444444444444
"8547",0.333333333333333
"8548",0.666666666666667
"8549",0.444444444444444
"8550",0.222222222222222
"8551",0.555555555555556
"8552",0.444444444444444
"8553",0.333333333333333
"8554",0.222222222222222
"8555",0.777777777777778
"8556",0.666666666666667
"8557",0.444444444444444
"8558",0.555555555555556
"8559",0.777777777777778
"8560",0.666666666666667
"8561",0.888888888888889
"8562",0.333333333333333
"8563",0.333333333333333
"8564",0.444444444444444
"8565",0.888888888888889
"8566",0.444444444444444
"8567",0.222222222222222
"8568",0.333333333333333
"8569",0.444444444444444
"8570",0.333333333333333
"8571",0.333333333333333
"8572",0.444444444444444
"8573",0.333333333333333
"8574",0.444444444444444
"8575",0.333333333333333
"8576",0.555555555555556
"8577",0.222222222222222
"8578",0.555555555555556
"8579",0.333333333333333
"8580",0.666666666666667
"8581",0.666666666666667
"8582",0.444444444444444
"8583",0.777777777777778
"8584",0
"8585",0.111111111111111
"8586",0.444444444444444
"8587",0.333333333333333
"8588",0.333333333333333
"8589",0.555555555555556
"8590",0.333333333333333
"8591",0.666666666666667
"8592",0.555555555555556
"8593",0.666666666666667
"8594",0.444444444444444
"8595",0.444444444444444
"8596",0.555555555555556
"8597",0.222222222222222
"8598",0.444444444444444
"8599",0.555555555555556
"8600",0.444444444444444
"8601",0.444444444444444
"8602",0.444444444444444
"8603",0.555555555555556
"8604",0.444444444444444
"8605",0.111111111111111
"8606",0.333333333333333
"8607",0.888888888888889
"8608",0.333333333333333
"8609",0.444444444444444
"8610",0.333333333333333
"8611",0.666666666666667
"8612",0
"8613",0.333333333333333
"8614",0.555555555555556
"8615",0.222222222222222
"8616",0.444444444444444
"8617",0.333333333333333
"8618",0.444444444444444
"8619",0.333333333333333
"8620",0.222222222222222
"8621",0.333333333333333
"8622",0.444444444444444
"8623",0.333333333333333
"8624",0.333333333333333
"8625",0.222222222222222
"8626",0.555555555555556
"8627",0.222222222222222
"8628",0.555555555555556
"8629",0.333333333333333
"8630",0.444444444444444
"8631",0.333333333333333
"8632",0.111111111111111
"8633",0.777777777777778
"8634",0.444444444444444
"8635",0.555555555555556
"8636",0.444444444444444
"8637",0.444444444444444
"8638",0.777777777777778
"8639",0.111111111111111
"8640",0.444444444444444
"8641",0.333333333333333
"8642",0.111111111111111
"8643",0.333333333333333
"8644",0.222222222222222
"8645",0.444444444444444
"8646",0.222222222222222
"8647",0.444444444444444
"8648",0.444444444444444
"8649",0.333333333333333
"8650",0.111111111111111
"8651",0.333333333333333
"8652",0.777777777777778
"8653",0.666666666666667
"8654",0.333333333333333
"8655",0.555555555555556
"8656",0.222222222222222
"8657",0
"8658",0.333333333333333
"8659",0.444444444444444
"8660",0.333333333333333
"8661",0.222222222222222
"8662",0.222222222222222
"8663",0.222222222222222
"8664",0.333333333333333
"8665",0.666666666666667
"8666",0.666666666666667
"8667",0.111111111111111
"8668",0.888888888888889
"8669",0.444444444444444
"8670",0.555555555555556
"8671",0.777777777777778
"8672",0.333333333333333
"8673",0.444444444444444
"8674",0
"8675",0.333333333333333
"8676",0.777777777777778
"8677",0.333333333333333
"8678",1
"8679",0.444444444444444
"8680",0.333333333333333
"8681",0.444444444444444
"8682",0.111111111111111
"8683",0.333333333333333
"8684",0.333333333333333
"8685",0.888888888888889
"8686",0.222222222222222
"8687",0.666666666666667
"8688",0.555555555555556
"8689",0.666666666666667
"8690",0.444444444444444
"8691",0.222222222222222
"8692",0.333333333333333
"8693",0.222222222222222
"8694",0.555555555555556
"8695",0
"8696",0.222222222222222
"8697",0.444444444444444
"8698",0.666666666666667
"8699",0.666666666666667
"8700",0.333333333333333
"8701",0.555555555555556
"8702",0.444444444444444
"8703",0.666666666666667
"8704",0.444444444444444
"8705",0.777777777777778
"8706",0.111111111111111
"8707",0.111111111111111
"8708",0.555555555555556
"8709",0.555555555555556
"8710",0.666666666666667
"8711",0.333333333333333
"8712",0.666666666666667
"8713",0.444444444444444
"8714",0.555555555555556
"8715",0.555555555555556
"8716",0.222222222222222
"8717",0.333333333333333
"8718",0.777777777777778
"8719",0.444444444444444
"8720",0.555555555555556
"8721",0.555555555555556
"8722",0.444444444444444
"8723",0.888888888888889
"8724",0.444444444444444
"8725",0.222222222222222
"8726",0.666666666666667
"8727",0.666666666666667
"8728",0.555555555555556
"8729",0.666666666666667
"8730",0.777777777777778
"8731",0.333333333333333
"8732",0.666666666666667
"8733",0.444444444444444
"8734",0.444444444444444
"8735",0.333333333333333
"8736",0.333333333333333
"8737",0.111111111111111
"8738",0.444444444444444
"8739",0.444444444444444
"8740",0.111111111111111
"8741",0.333333333333333
"8742",0.888888888888889
"8743",0.555555555555556
"8744",0.555555555555556
"8745",0.111111111111111
"8746",0.222222222222222
"8747",0.333333333333333
"8748",0.333333333333333
"8749",0.222222222222222
"8750",0.333333333333333
"8751",0.444444444444444
"8752",0.111111111111111
"8753",0.555555555555556
"8754",0.444444444444444
"8755",0.333333333333333
"8756",0.444444444444444
"8757",0.111111111111111
"8758",0.555555555555556
"8759",0.222222222222222
"8760",0.555555555555556
"8761",0.555555555555556
"8762",0.444444444444444
"8763",0.333333333333333
"8764",0.666666666666667
"8765",0
"8766",0.444444444444444
"8767",0.333333333333333
"8768",0.444444444444444
"8769",0.111111111111111
"8770",0
"8771",0.222222222222222
"8772",0.111111111111111
"8773",0.444444444444444
"8774",0.888888888888889
"8775",0.777777777777778
"8776",0.444444444444444
"8777",0.222222222222222
"8778",0.666666666666667
"8779",0.111111111111111
"8780",0.666666666666667
"8781",0.666666666666667
"8782",0.555555555555556
"8783",0.444444444444444
"8784",0.666666666666667
"8785",0.555555555555556
"8786",0.777777777777778
"8787",0.222222222222222
"8788",0.111111111111111
"8789",0.555555555555556
"8790",1
"8791",0.333333333333333
"8792",0.444444444444444
"8793",1
"8794",0.444444444444444
"8795",0.888888888888889
"8796",0.666666666666667
"8797",0.777777777777778
"8798",0.111111111111111
"8799",0.555555555555556
"8800",0.333333333333333
"8801",0.222222222222222
"8802",0.333333333333333
"8803",0.333333333333333
"8804",0.555555555555556
"8805",0.111111111111111
"8806",0.111111111111111
"8807",0.444444444444444
"8808",0.333333333333333
"8809",0.333333333333333
"8810",0.333333333333333
"8811",0.444444444444444
"8812",0.444444444444444
"8813",0.444444444444444
"8814",0.333333333333333
"8815",0.444444444444444
"8816",0.888888888888889
"8817",0
"8818",0.444444444444444
"8819",0.555555555555556
"8820",0.555555555555556
"8821",0.555555555555556
"8822",0.888888888888889
"8823",0.777777777777778
"8824",0.333333333333333
"8825",0.222222222222222
"8826",0.777777777777778
"8827",0.333333333333333
"8828",0.555555555555556
"8829",0.444444444444444
"8830",0.777777777777778
"8831",0.444444444444444
"8832",0.333333333333333
"8833",0.666666666666667
"8834",0.444444444444444
"8835",0.666666666666667
"8836",0.333333333333333
"8837",0.555555555555556
"8838",0.222222222222222
"8839",0.111111111111111
"8840",0.333333333333333
"8841",0.111111111111111
"8842",0.555555555555556
"8843",0.222222222222222
"8844",0.333333333333333
"8845",0.444444444444444
"8846",0.555555555555556
"8847",0.333333333333333
"8848",0.777777777777778
"8849",0.222222222222222
"8850",0.333333333333333
"8851",0.111111111111111
"8852",0.111111111111111
"8853",0.222222222222222
"8854",0.666666666666667
"8855",0.666666666666667
"8856",0.777777777777778
"8857",0.222222222222222
"8858",0.222222222222222
"8859",0.555555555555556
"8860",0.333333333333333
"8861",0.222222222222222
"8862",0.555555555555556
"8863",0.333333333333333
"8864",0.111111111111111
"8865",0.111111111111111
"8866",0
"8867",0.222222222222222
"8868",0.222222222222222
"8869",0.111111111111111
"8870",0.777777777777778
"8871",0.555555555555556
"8872",0.888888888888889
"8873",0
"8874",0.222222222222222
"8875",0.777777777777778
"8876",0.111111111111111
"8877",0.777777777777778
"8878",0.777777777777778
"8879",0.444444444444444
"8880",0.333333333333333
"8881",0.444444444444444
"8882",0.444444444444444
"8883",0.111111111111111
"8884",0.888888888888889
"8885",0.111111111111111
"8886",0.111111111111111
"8887",0.444444444444444
"8888",0.8
"8889",0.666666666666667
"8890",0.333333333333333
"8891",0.444444444444444
"8892",0.222222222222222
"8893",0.777777777777778
"8894",0.111111111111111
"8895",0.555555555555556
"8896",0.444444444444444
"8897",0.111111111111111
"8898",0.333333333333333
"8899",0.666666666666667
"8900",0.333333333333333
"8901",0.444444444444444
"8902",0.444444444444444
"8903",0.555555555555556
"8904",0.444444444444444
"8905",0.111111111111111
"8906",0.111111111111111
"8907",0.777777777777778
"8908",0.444444444444444
"8909",0.444444444444444
"8910",0.333333333333333
"8911",0.444444444444444
"8912",0.444444444444444
"8913",0.333333333333333
"8914",0.333333333333333
"8915",0.555555555555556
"8916",0.444444444444444
"8917",0.888888888888889
"8918",0.888888888888889
"8919",1
"8920",0.222222222222222
"8921",0.333333333333333
"8922",0.333333333333333
"8923",0.111111111111111
"8924",0.666666666666667
"8925",0.222222222222222
"8926",0.333333333333333
"8927",0.666666666666667
"8928",0.222222222222222
"8929",0.111111111111111
"8930",0.777777777777778
"8931",0.333333333333333
"8932",0.333333333333333
"8933",0.555555555555556
"8934",0.444444444444444
"8935",0.444444444444444
"8936",0.888888888888889
"8937",0.666666666666667
"8938",0.666666666666667
"8939",0.666666666666667
"8940",0.222222222222222
"8941",0.444444444444444
"8942",0.444444444444444
"8943",0.444444444444444
"8944",0.444444444444444
"8945",0.777777777777778
"8946",0.333333333333333
"8947",0.444444444444444
"8948",0.222222222222222
"8949",0.333333333333333
"8950",0.444444444444444
"8951",0.333333333333333
"8952",0.666666666666667
"8953",0.333333333333333
"8954",0.777777777777778
"8955",0.777777777777778
"8956",0.555555555555556
"8957",0
"8958",0.333333333333333
"8959",0.777777777777778
"8960",0.888888888888889
"8961",0.666666666666667
"8962",0.555555555555556
"8963",0.333333333333333
"8964",0.555555555555556
"8965",0.555555555555556
"8966",0.555555555555556
"8967",0.555555555555556
"8968",0.666666666666667
"8969",0.777777777777778
"8970",0.222222222222222
"8971",0.111111111111111
"8972",0.222222222222222
"8973",0.777777777777778
"8974",0
"8975",0.333333333333333
"8976",0.222222222222222
"8977",0.888888888888889
"8978",0.666666666666667
"8979",1
"8980",0.777777777777778
"8981",0.111111111111111
"8982",0.555555555555556
"8983",0.555555555555556
"8984",0.333333333333333
"8985",0.222222222222222
"8986",0.777777777777778
"8987",0.222222222222222
"8988",0.333333333333333
"8989",0.666666666666667
"8990",0.111111111111111
"8991",0.666666666666667
"8992",0.222222222222222
"8993",0.111111111111111
"8994",0.333333333333333
"8995",0.444444444444444
"8996",0.666666666666667
"8997",0
"8998",0.333333333333333
"8999",0.888888888888889
"9000",0.666666666666667
"9001",0.555555555555556
"9002",0.111111111111111
"9003",0.333333333333333
"9004",0.333333333333333
"9005",0.111111111111111
"9006",0.222222222222222
"9007",0.222222222222222
"9008",0
"9009",0.666666666666667
"9010",0.333333333333333
"9011",0.333333333333333
"9012",0.222222222222222
"9013",0
"9014",0
"9015",0.555555555555556
"9016",0.222222222222222
"9017",0.222222222222222
"9018",0.333333333333333
"9019",0.333333333333333
"9020",0.444444444444444
"9021",0.444444444444444
"9022",0.666666666666667
"9023",0.333333333333333
"9024",0.555555555555556
"9025",0.666666666666667
"9026",0.555555555555556
"9027",0.333333333333333
"9028",0.555555555555556
"9029",0.333333333333333
"9030",0.333333333333333
"9031",1
"9032",0.333333333333333
"9033",0.666666666666667
"9034",0.555555555555556
"9035",0.111111111111111
"9036",0.555555555555556
"9037",1
"9038",0.333333333333333
"9039",0.555555555555556
"9040",0.444444444444444
"9041",0.555555555555556
"9042",0.555555555555556
"9043",0.111111111111111
"9044",0.666666666666667
"9045",0.666666666666667
"9046",0
"9047",0.666666666666667
"9048",0.333333333333333
"9049",0.222222222222222
"9050",0.777777777777778
"9051",0.444444444444444
"9052",0.333333333333333
"9053",0.111111111111111
"9054",0.666666666666667
"9055",0.333333333333333
"9056",0.777777777777778
"9057",0.666666666666667
"9058",0.444444444444444
"9059",0.222222222222222
"9060",0.444444444444444
"9061",0.777777777777778
"9062",0.444444444444444
"9063",0.333333333333333
"9064",0.666666666666667
"9065",0.555555555555556
"9066",0.666666666666667
"9067",0.444444444444444
"9068",0
"9069",0.222222222222222
"9070",0.888888888888889
"9071",0.777777777777778
"9072",0.444444444444444
"9073",0.333333333333333
"9074",0.444444444444444
"9075",0.777777777777778
"9076",0.333333333333333
"9077",0.333333333333333
"9078",0.777777777777778
"9079",0.111111111111111
"9080",0.444444444444444
"9081",0.222222222222222
"9082",0.111111111111111
"9083",0.222222222222222
"9084",0.111111111111111
"9085",0.444444444444444
"9086",0.222222222222222
"9087",0.555555555555556
"9088",0.555555555555556
"9089",0.111111111111111
"9090",0.555555555555556
"9091",0.444444444444444
"9092",0.666666666666667
"9093",0
"9094",0.777777777777778
"9095",0.333333333333333
"9096",0.111111111111111
"9097",0.888888888888889
"9098",0.444444444444444
"9099",0.222222222222222
"9100",0.222222222222222
"9101",0.222222222222222
"9102",0.333333333333333
"9103",0.888888888888889
"9104",0.111111111111111
"9105",0.555555555555556
"9106",0.111111111111111
"9107",0.666666666666667
"9108",0.555555555555556
"9109",0.888888888888889
"9110",0.777777777777778
"9111",0.222222222222222
"9112",0.111111111111111
"9113",0.888888888888889
"9114",1
"9115",0.888888888888889
"9116",0.555555555555556
"9117",0.111111111111111
"9118",0
"9119",0.555555555555556
"9120",0.333333333333333
"9121",0.222222222222222
"9122",0.555555555555556
"9123",0.555555555555556
"9124",0.222222222222222
"9125",0.222222222222222
"9126",0.555555555555556
"9127",0.444444444444444
"9128",0.555555555555556
"9129",0.444444444444444
"9130",0.666666666666667
"9131",0.111111111111111
"9132",0.333333333333333
"9133",0.444444444444444
"9134",0.111111111111111
"9135",0.111111111111111
"9136",0.888888888888889
"9137",0.333333333333333
"9138",0.555555555555556
"9139",0
"9140",0
"9141",1
"9142",0.333333333333333
"9143",0.222222222222222
"9144",0.222222222222222
"9145",0.222222222222222
"9146",0.222222222222222
"9147",0.444444444444444
"9148",0.444444444444444
"9149",0.111111111111111
"9150",0.444444444444444
"9151",0.444444444444444
"9152",0.111111111111111
"9153",0.333333333333333
"9154",0.888888888888889
"9155",1
"9156",0.444444444444444
"9157",0.111111111111111
"9158",0.222222222222222
"9159",0.555555555555556
"9160",0.222222222222222
"9161",0.666666666666667
"9162",0.888888888888889
"9163",0.222222222222222
"9164",0.111111111111111
"9165",0.555555555555556
"9166",1
"9167",0.555555555555556
"9168",0.888888888888889
"9169",0.555555555555556
"9170",0.444444444444444
"9171",0.222222222222222
"9172",0.333333333333333
"9173",0.222222222222222
"9174",0.888888888888889
"9175",0.555555555555556
"9176",0.333333333333333
"9177",0.333333333333333
"9178",0.222222222222222
"9179",0.111111111111111
"9180",0.666666666666667
"9181",0.666666666666667
"9182",0.555555555555556
"9183",0.444444444444444
"9184",0.666666666666667
"9185",0.666666666666667
"9186",0.666666666666667
"9187",0.111111111111111
"9188",0.777777777777778
"9189",0.333333333333333
"9190",0.444444444444444
"9191",0.333333333333333
"9192",1
"9193",0.222222222222222
"9194",0.333333333333333
"9195",0.444444444444444
"9196",0.666666666666667
"9197",0
"9198",0.444444444444444
"9199",0.777777777777778
"9200",0.555555555555556
"9201",0.222222222222222
"9202",1
"9203",0
"9204",0.666666666666667
"9205",0.444444444444444
"9206",0.111111111111111
"9207",0.666666666666667
"9208",0.444444444444444
"9209",0.444444444444444
"9210",0.555555555555556
"9211",0.888888888888889
"9212",0.222222222222222
"9213",0.333333333333333
"9214",0.666666666666667
"9215",0.444444444444444
"9216",0.333333333333333
"9217",0.777777777777778
"9218",0.333333333333333
"9219",0.888888888888889
"9220",0.444444444444444
"9221",0.555555555555556
"9222",0.222222222222222
"9223",0.333333333333333
"9224",0.222222222222222
"9225",0.333333333333333
"9226",0.222222222222222
"9227",0.444444444444444
"9228",0.777777777777778
"9229",0.111111111111111
"9230",0.555555555555556
"9231",0.444444444444444
"9232",0.222222222222222
"9233",0.555555555555556
"9234",0.777777777777778
"9235",0.222222222222222
"9236",0.777777777777778
"9237",0.777777777777778
"9238",0.444444444444444
"9239",0.222222222222222
"9240",0.333333333333333
"9241",0.777777777777778
"9242",0.444444444444444
"9243",0.666666666666667
"9244",0.222222222222222
"9245",0
"9246",0.888888888888889
"9247",0.222222222222222
"9248",0.555555555555556
"9249",0.333333333333333
"9250",0.777777777777778
"9251",0.222222222222222
"9252",0.777777777777778
"9253",0.666666666666667
"9254",0.888888888888889
"9255",0.111111111111111
"9256",0.111111111111111
"9257",0.777777777777778
"9258",0.777777777777778
"9259",0.777777777777778
"9260",0.666666666666667
"9261",0.222222222222222
"9262",1
"9263",0.222222222222222
"9264",0.555555555555556
"9265",0.888888888888889
"9266",0.444444444444444
"9267",0.888888888888889
"9268",0.555555555555556
"9269",0.666666666666667
"9270",0.333333333333333
"9271",0.222222222222222
"9272",0.777777777777778
"9273",0.333333333333333
"9274",0.555555555555556
"9275",0.222222222222222
"9276",0.666666666666667
"9277",0.555555555555556
"9278",0.444444444444444
"9279",0.222222222222222
"9280",0.666666666666667
"9281",0.333333333333333
"9282",0.444444444444444
"9283",0.777777777777778
"9284",0.111111111111111
"9285",0.666666666666667
"9286",0.333333333333333
"9287",0.333333333333333
"9288",0
"9289",0.444444444444444
"9290",0.444444444444444
"9291",0.777777777777778
"9292",0.333333333333333
"9293",0.333333333333333
"9294",0.555555555555556
"9295",0.333333333333333
"9296",0.222222222222222
"9297",0.666666666666667
"9298",0.666666666666667
"9299",0.333333333333333
"9300",0.555555555555556
"9301",0.666666666666667
"9302",0.222222222222222
"9303",0.222222222222222
"9304",0.111111111111111
"9305",0.111111111111111
"9306",0.444444444444444
"9307",1
"9308",0.333333333333333
"9309",0.333333333333333
"9310",0.444444444444444
"9311",0.333333333333333
"9312",0.555555555555556
"9313",0.555555555555556
"9314",0.222222222222222
"9315",0.555555555555556
"9316",0.222222222222222
"9317",0.111111111111111
"9318",0.111111111111111
"9319",0.444444444444444
"9320",0.222222222222222
"9321",0.444444444444444
"9322",0
"9323",0.444444444444444
"9324",0.444444444444444
"9325",0.444444444444444
"9326",0.333333333333333
"9327",0.555555555555556
"9328",0.333333333333333
"9329",0.444444444444444
"9330",0.333333333333333
"9331",0.444444444444444
"9332",0.666666666666667
"9333",0.777777777777778
"9334",0.888888888888889
"9335",0.777777777777778
"9336",0.222222222222222
"9337",0.444444444444444
"9338",0.555555555555556
"9339",0.555555555555556
"9340",0.444444444444444
"9341",0.111111111111111
"9342",0.777777777777778
"9343",0.111111111111111
"9344",0.666666666666667
"9345",0.222222222222222
"9346",0.111111111111111
"9347",0.222222222222222
"9348",0.222222222222222
"9349",0.222222222222222
"9350",0.444444444444444
"9351",0.333333333333333
"9352",0.444444444444444
"9353",0.333333333333333
"9354",0.555555555555556
"9355",0.222222222222222
"9356",0.777777777777778
"9357",0.555555555555556
"9358",0.777777777777778
"9359",0.111111111111111
"9360",0.111111111111111
"9361",0.444444444444444
"9362",0.444444444444444
"9363",0.777777777777778
"9364",0.444444444444444
"9365",0.444444444444444
"9366",0.222222222222222
"9367",0.444444444444444
"9368",0.111111111111111
"9369",0.777777777777778
"9370",0.888888888888889
"9371",0.111111111111111
"9372",0.555555555555556
"9373",0.333333333333333
"9374",0.333333333333333
"9375",0.444444444444444
"9376",0.333333333333333
"9377",0
"9378",0.555555555555556
"9379",0.555555555555556
"9380",0.333333333333333
"9381",0.888888888888889
"9382",0.222222222222222
"9383",0.444444444444444
"9384",0.888888888888889
"9385",0.666666666666667
"9386",0.333333333333333
"9387",0.111111111111111
"9388",0.111111111111111
"9389",0.666666666666667
"9390",0.333333333333333
"9391",1
"9392",0.333333333333333
"9393",0.222222222222222
"9394",0
"9395",0.555555555555556
"9396",0.222222222222222
"9397",0.666666666666667
"9398",0.333333333333333
"9399",0.555555555555556
"9400",0.666666666666667
"9401",0.333333333333333
"9402",0.333333333333333
"9403",0.777777777777778
"9404",0.444444444444444
"9405",0.111111111111111
"9406",0.222222222222222
"9407",0.666666666666667
"9408",0.555555555555556
"9409",0.111111111111111
"9410",0.333333333333333
"9411",0.111111111111111
"9412",0.555555555555556
"9413",0.888888888888889
"9414",0.444444444444444
"9415",0.333333333333333
"9416",0
"9417",0.111111111111111
"9418",0.555555555555556
"9419",0.111111111111111
"9420",0.333333333333333
"9421",0.222222222222222
"9422",0.777777777777778
"9423",0.555555555555556
"9424",0.222222222222222
"9425",0.222222222222222
"9426",0.555555555555556
"9427",0.555555555555556
"9428",0.555555555555556
"9429",0.555555555555556
"9430",0.444444444444444
"9431",0.333333333333333
"9432",0.111111111111111
"9433",0.444444444444444
"9434",0.444444444444444
"9435",0.333333333333333
"9436",0.444444444444444
"9437",0.777777777777778
"9438",0.111111111111111
"9439",0.777777777777778
"9440",0.555555555555556
"9441",0.333333333333333
"9442",0.666666666666667
"9443",0.666666666666667
"9444",0.444444444444444
"9445",0.555555555555556
"9446",0
"9447",0
"9448",0.555555555555556
"9449",0.444444444444444
"9450",0.333333333333333
"9451",0.222222222222222
"9452",0.222222222222222
"9453",0.333333333333333
"9454",0.111111111111111
"9455",0.666666666666667
"9456",0
"9457",0.333333333333333
"9458",0.444444444444444
"9459",0.333333333333333
"9460",0
"9461",0
"9462",0.666666666666667
"9463",0.333333333333333
"9464",0.666666666666667
"9465",0.333333333333333
"9466",0.222222222222222
"9467",0.111111111111111
"9468",0.444444444444444
"9469",0
"9470",0.444444444444444
"9471",0.888888888888889
"9472",0.111111111111111
"9473",0.333333333333333
"9474",0.111111111111111
"9475",0.666666666666667
"9476",0.222222222222222
"9477",0
"9478",0.333333333333333
"9479",0.555555555555556
"9480",0.555555555555556
"9481",0.222222222222222
"9482",0
"9483",0.333333333333333
"9484",0.444444444444444
"9485",0.666666666666667
"9486",0.333333333333333
"9487",0.666666666666667
"9488",0.444444444444444
"9489",0.333333333333333
"9490",0.777777777777778
"9491",0.555555555555556
"9492",0.333333333333333
"9493",0.555555555555556
"9494",0
"9495",0.222222222222222
"9496",0.555555555555556
"9497",0.555555555555556
"9498",0.222222222222222
"9499",0.111111111111111
"9500",0.222222222222222
"9501",0.222222222222222
"9502",0.555555555555556
"9503",0.555555555555556
"9504",0.222222222222222
"9505",0.666666666666667
"9506",0.111111111111111
"9507",0.111111111111111
"9508",0.111111111111111
"9509",0.444444444444444
"9510",0.222222222222222
"9511",0.777777777777778
"9512",0.555555555555556
"9513",0.111111111111111
"9514",0.444444444444444
"9515",0.555555555555556
"9516",0
"9517",0.333333333333333
"9518",0.777777777777778
"9519",0.333333333333333
"9520",0.222222222222222
"9521",0.222222222222222
"9522",0.333333333333333
"9523",0.222222222222222
"9524",0.555555555555556
"9525",0
"9526",0.222222222222222
"9527",0.222222222222222
"9528",0.888888888888889
"9529",0.777777777777778
"9530",0.333333333333333
"9531",0.222222222222222
"9532",0.444444444444444
"9533",0.666666666666667
"9534",1
"9535",0.444444444444444
"9536",0.333333333333333
"9537",0.666666666666667
"9538",0.444444444444444
"9539",0.555555555555556
"9540",0.555555555555556
"9541",0.777777777777778
"9542",0.555555555555556
"9543",0.555555555555556
"9544",0.111111111111111
"9545",0.777777777777778
"9546",0
"9547",0.555555555555556
"9548",0.666666666666667
"9549",0.777777777777778
"9550",0.333333333333333
"9551",0
"9552",0.444444444444444
"9553",0.555555555555556
"9554",0.333333333333333
"9555",0.888888888888889
"9556",0.777777777777778
"9557",0.666666666666667
"9558",0.555555555555556
"9559",0.666666666666667
"9560",0.444444444444444
"9561",0.888888888888889
"9562",0
"9563",0.444444444444444
"9564",0.666666666666667
"9565",0.888888888888889
"9566",0.444444444444444
"9567",0.111111111111111
"9568",0.333333333333333
"9569",0.444444444444444
"9570",0.333333333333333
"9571",0.888888888888889
"9572",0.666666666666667
"9573",0.888888888888889
"9574",0.777777777777778
"9575",0.111111111111111
"9576",0.444444444444444
"9577",0.555555555555556
"9578",0.555555555555556
"9579",0.666666666666667
"9580",0.777777777777778
"9581",0.333333333333333
"9582",0.555555555555556
"9583",0
"9584",0.333333333333333
"9585",0.111111111111111
"9586",0.666666666666667
"9587",0.444444444444444
"9588",0.444444444444444
"9589",0.555555555555556
"9590",0.222222222222222
"9591",0.111111111111111
"9592",0.222222222222222
"9593",0.666666666666667
"9594",0.666666666666667
"9595",0.333333333333333
"9596",0.555555555555556
"9597",0.111111111111111
"9598",0.111111111111111
"9599",0.333333333333333
"9600",0.444444444444444
"9601",0.222222222222222
"9602",0.666666666666667
"9603",0.555555555555556
"9604",0.444444444444444
"9605",0
"9606",0.222222222222222
"9607",0.111111111111111
"9608",0.555555555555556
"9609",0.111111111111111
"9610",0.444444444444444
"9611",0
"9612",0.333333333333333
"9613",0.444444444444444
"9614",0.666666666666667
"9615",0.555555555555556
"9616",0.222222222222222
"9617",0.444444444444444
"9618",0.444444444444444
"9619",0.444444444444444
"9620",0.777777777777778
"9621",0.333333333333333
"9622",0.333333333333333
"9623",0.444444444444444
"9624",0.222222222222222
"9625",0.666666666666667
"9626",0.666666666666667
"9627",0.444444444444444
"9628",0.111111111111111
"9629",0.444444444444444
"9630",0.666666666666667
"9631",0.222222222222222
"9632",0.555555555555556
"9633",0.111111111111111
"9634",0
"9635",0.333333333333333
"9636",0.444444444444444
"9637",0
"9638",0.555555555555556
"9639",0.444444444444444
"9640",0.444444444444444
"9641",0.555555555555556
"9642",0.555555555555556
"9643",0.444444444444444
"9644",0.444444444444444
"9645",0.222222222222222
"9646",0.555555555555556
"9647",0.333333333333333
"9648",0.333333333333333
"9649",0.333333333333333
"9650",0.555555555555556
"9651",0.666666666666667
"9652",0.555555555555556
"9653",0.666666666666667
"9654",0.444444444444444
"9655",1
"9656",0.222222222222222
"9657",0.222222222222222
"9658",0.666666666666667
"9659",0.111111111111111
"9660",0
"9661",0.666666666666667
"9662",1
"9663",0.222222222222222
"9664",0.333333333333333
"9665",0.444444444444444
"9666",0
"9667",0.222222222222222
"9668",0.777777777777778
"9669",0.222222222222222
"9670",0.555555555555556
"9671",0.444444444444444
"9672",0.111111111111111
"9673",0.444444444444444
"9674",0.222222222222222
"9675",0.333333333333333
"9676",0.222222222222222
"9677",0.222222222222222
"9678",0.555555555555556
"9679",0.333333333333333
"9680",0.222222222222222
"9681",0.222222222222222
"9682",0.222222222222222
"9683",0.111111111111111
"9684",0.222222222222222
"9685",0.222222222222222
"9686",0.555555555555556
"9687",0.555555555555556
"9688",0.222222222222222
"9689",0.444444444444444
"9690",0.666666666666667
"9691",0.555555555555556
"9692",0.444444444444444
"9693",0.222222222222222
"9694",0.222222222222222
"9695",0.222222222222222
"9696",0.444444444444444
"9697",0.777777777777778
"9698",0.333333333333333
"9699",0.111111111111111
"9700",0.888888888888889
"9701",0.666666666666667
"9702",0.666666666666667
"9703",0.222222222222222
"9704",0.111111111111111
"9705",0.888888888888889
"9706",0.444444444444444
"9707",1
"9708",0.111111111111111
"9709",0.444444444444444
"9710",0.666666666666667
"9711",0.444444444444444
"9712",0.555555555555556
"9713",0.111111111111111
"9714",0.333333333333333
"9715",0.444444444444444
"9716",0.444444444444444
"9717",0.444444444444444
"9718",0.111111111111111
"9719",0.777777777777778
"9720",0.444444444444444
"9721",0.888888888888889
"9722",0.666666666666667
"9723",0.555555555555556
"9724",0.222222222222222
"9725",0.333333333333333
"9726",0.444444444444444
"9727",0.222222222222222
"9728",0.333333333333333
"9729",0.444444444444444
"9730",0.444444444444444
"9731",0.666666666666667
"9732",0.444444444444444
"9733",0.444444444444444
"9734",0.222222222222222
"9735",0
"9736",0.111111111111111
"9737",1
"9738",0.222222222222222
"9739",0.333333333333333
"9740",0.222222222222222
"9741",0.111111111111111
"9742",0.444444444444444
"9743",0.777777777777778
"9744",0.333333333333333
"9745",0.666666666666667
"9746",0.444444444444444
"9747",0.444444444444444
"9748",0.111111111111111
"9749",0.111111111111111
"9750",0.666666666666667
"9751",0.666666666666667
"9752",0
"9753",0.444444444444444
"9754",0.555555555555556
"9755",0.111111111111111
"9756",0.222222222222222
"9757",0.888888888888889
"9758",0.333333333333333
"9759",0.333333333333333
"9760",0.444444444444444
"9761",0.444444444444444
"9762",0.555555555555556
"9763",0.444444444444444
"9764",0.555555555555556
"9765",0.555555555555556
"9766",0.555555555555556
"9767",0.555555555555556
"9768",0.444444444444444
"9769",0.666666666666667
"9770",0.333333333333333
"9771",0.444444444444444
"9772",0.333333333333333
"9773",0.444444444444444
"9774",0.777777777777778
"9775",0.666666666666667
"9776",0.444444444444444
"9777",0.333333333333333
"9778",0.888888888888889
"9779",0.444444444444444
"9780",0.444444444444444
"9781",0.777777777777778
"9782",0.777777777777778
"9783",0.333333333333333
"9784",0.333333333333333
"9785",0
"9786",0.111111111111111
"9787",0.888888888888889
"9788",0.555555555555556
"9789",0.666666666666667
"9790",0.888888888888889
"9791",0.222222222222222
"9792",0
"9793",0
"9794",0.444444444444444
"9795",0.777777777777778
"9796",0.333333333333333
"9797",0.666666666666667
"9798",0.666666666666667
"9799",0.666666666666667
"9800",0.444444444444444
"9801",0.333333333333333
"9802",0
"9803",0.555555555555556
"9804",0.444444444444444
"9805",0.555555555555556
"9806",0.444444444444444
"9807",0.111111111111111
"9808",0.222222222222222
"9809",0.333333333333333
"9810",0
"9811",0.333333333333333
"9812",0.444444444444444
"9813",0.444444444444444
"9814",0.555555555555556
"9815",0.222222222222222
"9816",0.555555555555556
"9817",0.888888888888889
"9818",0.777777777777778
"9819",0.444444444444444
"9820",0.333333333333333
"9821",0.111111111111111
"9822",0.777777777777778
"9823",0.333333333333333
"9824",0.444444444444444
"9825",0.333333333333333
"9826",0.444444444444444
"9827",0.777777777777778
"9828",0.222222222222222
"9829",0.444444444444444
"9830",0.222222222222222
"9831",0.777777777777778
"9832",0.111111111111111
"9833",1
"9834",0.666666666666667
"9835",0.444444444444444
"9836",0.555555555555556
"9837",0.888888888888889
"9838",0.444444444444444
"9839",0.444444444444444
"9840",0.666666666666667
"9841",0.444444444444444
"9842",0.333333333333333
"9843",0.222222222222222
"9844",0.666666666666667
"9845",0.555555555555556
"9846",0.444444444444444
"9847",0.333333333333333
"9848",0.444444444444444
"9849",0.555555555555556
"9850",0.444444444444444
"9851",0.444444444444444
"9852",0.333333333333333
"9853",0.111111111111111
"9854",0.555555555555556
"9855",0.111111111111111
"9856",0.555555555555556
"9857",0.666666666666667
"9858",0.666666666666667
"9859",0.222222222222222
"9860",0.555555555555556
"9861",0.666666666666667
"9862",0.555555555555556
"9863",0.222222222222222
"9864",0.444444444444444
"9865",0.111111111111111
"9866",0.777777777777778
"9867",0.333333333333333
"9868",0.666666666666667
"9869",0.666666666666667
"9870",0.444444444444444
"9871",0.777777777777778
"9872",0.555555555555556
"9873",0.222222222222222
"9874",0.222222222222222
"9875",0.444444444444444
"9876",0.555555555555556
"9877",0.444444444444444
"9878",0.777777777777778
"9879",0.444444444444444
"9880",0.111111111111111
"9881",0.777777777777778
"9882",0.777777777777778
"9883",0.444444444444444
"9884",0.222222222222222
"9885",0.444444444444444
"9886",0.666666666666667
"9887",0.222222222222222
"9888",0.888888888888889
"9889",0.555555555555556
"9890",0.333333333333333
"9891",0.888888888888889
"9892",0.222222222222222
"9893",1
"9894",0
"9895",0.222222222222222
"9896",0.222222222222222
"9897",0
"9898",0.444444444444444
"9899",0.555555555555556
"9900",0.222222222222222
"9901",0
"9902",0
"9903",0.666666666666667
"9904",0.222222222222222
"9905",0.666666666666667
"9906",0.111111111111111
"9907",0.333333333333333
"9908",0.555555555555556
"9909",0.333333333333333
"9910",0.888888888888889
"9911",0.222222222222222
"9912",0.333333333333333
"9913",0
"9914",0.333333333333333
"9915",0.888888888888889
"9916",0.222222222222222
"9917",0.555555555555556
"9918",0.666666666666667
"9919",0.333333333333333
"9920",0.222222222222222
"9921",0.888888888888889
"9922",0.222222222222222
"9923",0.444444444444444
"9924",0.555555555555556
"9925",0.444444444444444
"9926",0
"9927",0.333333333333333
"9928",0.444444444444444
"9929",0.333333333333333
"9930",0.444444444444444
"9931",0.555555555555556
"9932",0.444444444444444
"9933",0.555555555555556
"9934",0.666666666666667
"9935",0.333333333333333
"9936",0
"9937",0.888888888888889
"9938",0.333333333333333
"9939",0.666666666666667
"9940",1
"9941",0.222222222222222
"9942",0.555555555555556
"9943",0.333333333333333
"9944",1
"9945",0.888888888888889
"9946",0.222222222222222
"9947",0.222222222222222
"9948",0.222222222222222
"9949",0.555555555555556
"9950",0.222222222222222
"9951",0.222222222222222
"9952",0.111111111111111
"9953",0.888888888888889
"9954",0.444444444444444
"9955",0.333333333333333
"9956",0.888888888888889
"9957",0.333333333333333
"9958",0.555555555555556
"9959",0.333333333333333
"9960",0.444444444444444
"9961",0.111111111111111
"9962",0.777777777777778
"9963",0.222222222222222
"9964",0.333333333333333
"9965",0.555555555555556
"9966",0.666666666666667
"9967",0.666666666666667
"9968",0.333333333333333
"9969",0.333333333333333
"9970",0.111111111111111
"9971",0.222222222222222
"9972",0.222222222222222
"9973",0.111111111111111
"9974",0.111111111111111
"9975",0.666666666666667
"9976",0.222222222222222
"9977",0.111111111111111
"9978",0.555555555555556
"9979",0.333333333333333
"9980",0.222222222222222
"9981",0.222222222222222
"9982",0.444444444444444
"9983",0.333333333333333
"9984",0.444444444444444
"9985",0.4
"9986",0.666666666666667
"9987",0.333333333333333
"9988",0.777777777777778
"9989",0.111111111111111
"9990",0.555555555555556
"9991",0.444444444444444
"9992",0.333333333333333
"9993",0.444444444444444
"9994",0.444444444444444
"9995",0.777777777777778
"9996",0.222222222222222
"9997",0.222222222222222
"9998",0.222222222222222
"9999",0.777777777777778
"10000",0.666666666666667
