"ID","Exited_Probability","Exited_Predicted"
1836,0.696114301681519,1
1935,0.397426784038544,0
716,0.250032752752304,0
1564,0.199058711528778,0
2631,0.34600892663002,0
1308,0.833877801895142,1
1781,0.0406532399356365,0
322,0.627111732959747,1
1413,0.051044475287199,0
719,0.82295423746109,1
1894,0.865185558795929,1
2593,0.17316772043705,0
2093,0.409916639328003,0
2146,0.0503746718168259,0
1354,0.307776659727097,0
1644,0.259971439838409,0
1392,0.0589590929448605,0
1460,0.420130014419556,0
1513,0.147274062037468,0
390,0.769970893859863,1
2461,0.465058445930481,0
135,0.400429010391235,0
1831,0.773358345031738,1
883,0.419388473033905,0
786,0.803391695022583,1
1217,0.355467319488525,0
1466,0.625709652900696,1
409,0.854126453399658,1
2396,0.377639889717102,0
835,0.776621699333191,1
1627,0.161117896437645,0
476,0.169311836361885,0
591,0.192623734474182,0
964,0.630206644535065,1
988,0.5345818400383,1
892,0.963925182819366,1
1742,0.677025258541107,1
2398,0.641720056533813,1
428,0.251400887966156,0
1425,0.781140685081482,1
2903,0.825307667255402,1
930,0.941202878952026,1
1068,0.116616770625114,0
1554,0.211133345961571,0
379,0.122068785130978,0
2933,0.0934593677520752,0
671,0.699855327606201,1
2547,0.488607108592987,0
676,0.326447486877441,0
377,0.695859313011169,1
2566,0.692262232303619,1
312,0.151294812560081,0
1511,0.430773079395294,0
2634,0.533762693405151,1
854,0.15108485519886,0
2597,0.79962694644928,1
870,0.207162395119667,0
267,0.53575611114502,1
1255,0.397879719734192,0
792,0.535025238990784,1
1860,0.623921394348145,1
993,0.559048056602478,1
2852,0.291547566652298,0
158,0.812599837779999,1
452,0.182532325387001,0
590,0.291594445705414,0
2777,0.0784992575645447,0
750,0.767856538295746,1
69,0.139421820640564,0
1780,0.131977900862694,0
1056,0.242483720183372,0
2653,0.275809615850449,0
1396,0.385207623243332,0
2732,0.759570479393005,1
1385,0.150267288088799,0
548,0.101742245256901,0
2472,0.619316339492798,1
1310,0.806636691093445,1
2673,0.291790097951889,0
1251,0.405892968177795,0
2916,0.12056291103363,0
853,0.712551176548004,1
1490,0.577550292015076,1
2249,0.746834993362427,1
1874,0.533657193183899,1
212,0.645354568958282,1
2754,0.98568069934845,1
2255,0.594660937786102,1
2886,0.294968247413635,0
1320,0.475212574005127,0
2700,0.391989678144455,0
2173,0.838539302349091,1
602,0.253899246454239,0
2448,0.566334128379822,1
1901,0.165280714631081,0
2481,0.0805348232388496,0
851,0.616910815238953,1
2666,0.654879152774811,1
598,0.637863099575043,1
1323,0.470178663730621,0
1351,0.62005603313446,1
2492,0.456457197666168,0
555,0.370368838310242,0
1670,0.890420913696289,1
967,0.144770115613937,0
2178,0.526924610137939,1
2490,0.601308405399323,1
2326,0.157063111662865,0
1047,0.381838142871857,0
1663,0.117898069322109,0
928,0.58729749917984,1
1069,0.347297191619873,0
634,0.308985680341721,0
1937,0.224387258291245,0
1445,0.189347729086876,0
2148,0.115318052470684,0
1341,0.124736569821835,0
1452,0.427710622549057,0
1495,0.324032008647919,0
2275,0.494061678647995,0
2019,0.296253472566605,0
951,0.505758285522461,1
865,0.586451590061188,1
2787,0.246276989579201,0
2849,0.556031942367554,1
199,0.639520168304443,1
701,0.556527674198151,1
950,0.0784992575645447,0
2154,0.623971939086914,1
48,0.67963171005249,1
1879,0.351232558488846,0
592,0.954901695251465,1
2240,0.717660188674927,1
11,0.721726536750793,1
159,0.585858941078186,1
1359,0.196802124381065,0
2788,0.524052560329437,1
2028,0.242483720183372,0
1619,0.226791173219681,0
2678,0.39462023973465,0
2744,0.228475362062454,0
237,0.530623495578766,1
940,0.221706688404083,0
2090,0.373728364706039,0
1470,0.483882933855057,0
2890,0.0726003423333168,0
645,0.506366848945618,1
152,0.116616770625114,0
324,0.594688534736633,1
2040,0.607842326164246,1
762,0.467284321784973,0
1123,0.412626504898071,0
712,0.440432041883469,0
1184,0.490607768297195,0
2489,0.109768457710743,0
2303,0.64492005109787,1
2112,0.106920249760151,0
757,0.472068130970001,0
657,0.313432931900024,0
459,0.0850065723061562,0
797,0.739905118942261,1
1551,0.845411360263824,1
2357,0.539848804473877,1
388,0.330255568027496,0
1081,0.235102564096451,0
2764,0.394075065851212,0
2086,0.349948018789291,0
2413,0.191182866692543,0
1951,0.318778038024902,0
510,0.239589527249336,0
2727,0.430587440729141,0
1233,0.655245244503021,1
321,0.261535078287125,0
1783,0.897431612014771,1
2996,0.505758285522461,1
2026,0.800733268260956,1
350,0.511245667934418,1
1349,0.462498068809509,0
408,0.314635902643204,0
1480,0.0663981065154076,0
2629,0.682966947555542,1
1422,0.590971708297729,1
2008,0.143069818615913,0
1105,0.551370680332184,1
1621,0.854918360710144,1
1557,0.444794267416,0
2037,0.14153964817524,0
1563,0.324651151895523,0
453,0.514473795890808,1
2559,0.168499290943146,0
791,0.262545138597488,0
1651,0.0663981065154076,0
1271,0.814642608165741,1
1284,0.62645035982132,1
2651,0.4006487429142,0
2000,0.781206369400024,1
464,0.497657001018524,0
467,0.63660341501236,1
1331,0.617606282234192,1
927,0.21684205532074,0
1837,0.378873437643051,0
557,0.259690970182419,0
727,0.201319962739944,0
1893,0.0777454301714897,0
2412,0.340119689702988,0
1960,0.148188248276711,0
1963,0.816695928573608,1
2867,0.512805283069611,1
2060,0.0787602961063385,0
231,0.11958671361208,0
2368,0.379111915826797,0
113,0.454457193613052,0
1333,0.50910097360611,1
2689,0.232181787490845,0
1205,0.839997291564941,1
1754,0.180228516459465,0
2429,0.161268338561058,0
859,0.480973571538925,0
2855,0.141120404005051,0
2176,0.897447526454926,1
694,0.47533318400383,0
298,0.547878384590149,1
2917,0.816000878810883,1
397,0.481264173984528,0
2135,0.483271151781082,0
1066,0.289711773395538,0
1408,0.156921222805977,0
696,0.488839149475098,0
539,0.904581129550934,1
1655,0.51744419336319,1
1394,0.22200882434845,0
2746,0.839472830295563,1
2713,0.346426039934158,0
2383,0.324697017669678,0
1782,0.614440143108368,1
116,0.297597289085388,0
561,0.0976392924785614,0
1875,0.735128939151764,1
2923,0.280283719301224,0
2458,0.439687132835388,0
1826,0.146058797836304,0
2546,0.144393980503082,0
49,0.286546051502228,0
91,0.837251365184784,1
2953,0.21684205532074,0
1347,0.869813442230225,1
306,0.904581129550934,1
519,0.246276989579201,0
1514,0.660075902938843,1
1521,0.54649817943573,1
1911,0.687827527523041,1
2848,0.742551803588867,1
2702,0.655139029026031,1
204,0.686181724071503,1
157,0.635992407798767,1
61,0.485536247491837,0
1344,0.149166941642761,0
1153,0.57794976234436,1
504,0.437696933746338,0
2205,0.277536422014236,0
1131,0.431432873010635,0
1319,0.44170418381691,0
2207,0.0330718383193016,0
1858,0.279245257377625,0
953,0.425906389951706,0
2068,0.79480117559433,1
1839,0.356422901153564,0
1921,0.788474917411804,1
2418,0.972095787525177,1
946,0.324617743492126,0
2270,0.163862809538841,0
403,0.151476889848709,0
1980,0.143069818615913,0
923,0.189347729086876,0
756,0.217460811138153,0
2696,0.290967166423798,0
2092,0.0976392924785614,0
191,0.774105131626129,1
4,0.292047560214996,0
77,0.157611235976219,0
2786,0.11784316599369,0
277,0.500479876995087,1
97,0.454474359750748,0
2866,0.600898265838623,1
911,0.808594524860382,1
1022,0.500978291034698,1
90,0.664063513278961,1
2400,0.38373276591301,0
2384,0.445140928030014,0
961,0.244686022400856,0
2392,0.965808033943176,1
2623,0.320054680109024,0
2322,0.771496593952179,1
2553,0.306584298610687,0
2381,0.261369943618774,0
1908,0.762655735015869,1
2537,0.479854673147202,0
250,0.604979157447815,1
2452,0.311861127614975,0
1675,0.655586183071136,1
1099,0.623253703117371,1
331,0.466190248727798,0
427,0.610757052898407,1
2960,0.665465116500854,1
1165,0.399033725261688,0
2869,0.26451963186264,0
914,0.478278875350952,0
717,0.229953855276108,0
38,0.0663981065154076,0
2330,0.820071816444397,1
2199,0.653032124042511,1
190,0.545257925987244,1
751,0.273706138134003,0
448,0.457671821117401,0
2267,0.68006706237793,1
2282,0.0563838817179203,0
2196,0.253930628299713,0
2609,0.524225473403931,1
37,0.157547205686569,0
2038,0.797420680522919,1
2818,0.158883765339851,0
1602,0.124351635575294,0
896,0.38482865691185,0
910,0.442427903413773,0
2755,0.184568792581558,0
2586,0.896753966808319,1
1419,0.66778576374054,1
980,0.469567805528641,0
1353,0.292869359254837,0
1447,0.491686582565308,0
273,0.465268552303314,0
2151,0.410456269979477,0
820,0.562335729598999,1
1167,0.567782938480377,1
1459,0.884511709213257,1
1316,0.141120404005051,0
1050,0.306798696517944,0
785,0.143069818615913,0
702,0.546989619731903,1
1318,0.294266194105148,0
391,0.255155831575394,0
2793,0.61396986246109,1
653,0.863583564758301,1
774,0.201866716146469,0
1634,0.182431325316429,0
2428,0.343335628509521,0
2815,0.703307330608368,1
1576,0.249353244900703,0
2425,0.373280495405197,0
638,0.845160365104675,1
2169,0.543569982051849,1
2811,0.178888574242592,0
2065,0.456764101982117,0
1156,0.541556596755981,1
276,0.926178514957428,1
2622,0.35658997297287,0
1250,0.430773079395294,0
1638,0.265159964561462,0
2627,0.383371323347092,0
1268,0.533281207084656,1
1580,0.341275483369827,0
1811,0.485302209854126,0
1087,0.855171680450439,1
364,0.100944593548775,0
2043,0.655563235282898,1
1753,0.122068785130978,0
733,0.221169382333755,0
315,0.480973571538925,0
2055,0.21684205532074,0
2545,0.855292856693268,1
2403,0.789607405662537,1
2361,0.658644139766693,1
2321,0.60386711359024,1
2994,0.340119689702988,0
2078,0.44329959154129,0
1823,0.15410079061985,0
1352,0.776921033859253,1
1806,0.242483720183372,0
1270,0.892928898334503,1
1093,0.193000212311745,0
2261,0.189347729086876,0
1191,0.355970174074173,0
3,0.313128769397736,0
605,0.478595525026321,0
2123,0.498698651790619,0
2404,0.600328266620636,1
151,0.113879054784775,0
494,0.607863962650299,1
2565,0.362411350011826,0
2402,0.179476037621498,0
491,0.95168399810791,1
1665,0.369123309850693,0
292,0.236057311296463,0
2691,0.20855350792408,0
130,0.817375898361206,1
2447,0.504143893718719,1
763,0.178244948387146,0
2355,0.292047560214996,0
1468,0.480492532253265,0
604,0.610734105110168,1
2557,0.373728364706039,0
1372,0.441243201494217,0
2464,0.321715325117111,0
2137,0.430773079395294,0
490,0.806961894035339,1
2124,0.373728364706039,0
2752,0.259842753410339,0
2679,0.190486997365952,0
626,0.089902438223362,0
752,0.257069438695908,0
1391,0.473630160093307,0
1659,0.632697284221649,1
1441,0.954271018505096,1
1231,0.169358283281326,0
484,0.0557814724743366,0
2938,0.614463329315186,1
2966,0.253608584403992,0
2728,0.295234978199005,0
1649,0.289024621248245,0
913,0.131977900862694,0
808,0.642021417617798,1
1816,0.246311232447624,0
534,0.131977900862694,0
2167,0.454052597284317,0
2441,0.0276943296194077,0
2288,0.327868282794952,0
1052,0.143539994955063,0
1715,0.346529513597488,0
169,0.439530938863754,0
2409,0.397018551826477,0
698,0.230637028813362,0
935,0.428743839263916,0
1161,0.440227717161179,0
2875,0.199399814009666,0
1662,0.634732127189636,1
2530,0.143759533762932,0
622,0.157065376639366,0
1146,0.104693725705147,0
1406,0.116558589041233,0
1,0.641335308551788,1
443,0.0767562687397003,0
945,0.419979482889175,0
2129,0.407874971628189,0
570,0.216907322406769,0
416,0.705044627189636,1
2523,0.521543443202972,1
1346,0.212467163801193,0
1709,0.433781862258911,0
343,0.499577760696411,0
977,0.227558195590973,0
2701,0.315225034952164,0
1726,0.370361536741257,0
2457,0.637736737728119,1
1658,0.319695889949799,0
1008,0.179258793592453,0
861,0.0863961651921272,0
1289,0.245885789394379,0
2366,0.187571048736572,0
2304,0.821814060211182,1
1109,0.639895737171173,1
1149,0.393504589796066,0
1442,0.187571048736572,0
652,0.877364218235016,1
944,0.849860012531281,1
2769,0.340438365936279,0
1269,0.206658214330673,0
1196,0.682082951068878,1
1163,0.405892968177795,0
2459,0.455329298973083,0
1913,0.550726413726807,1
2660,0.4689581990242,0
1571,0.789861679077148,1
2630,0.403948545455933,0
806,0.569970667362213,1
414,0.53885942697525,1
1881,0.0855820998549461,0
1382,0.067485898733139,0
2639,0.690171837806702,1
925,0.189347729086876,0
1028,0.230251863598824,0
632,0.7270787358284,1
1179,0.242911711335182,0
316,0.260269075632095,0
1456,0.692285895347595,1
529,0.416001707315445,0
1585,0.813654661178589,1
722,0.199399814009666,0
338,0.441025525331497,0
56,0.73469614982605,1
2393,0.279749751091003,0
208,0.332888126373291,0
166,0.441243201494217,0
101,0.5413898229599,1
885,0.564872324466705,1
888,0.356676697731018,0
1699,0.0480918623507023,0
678,0.365272462368011,0
2950,0.187924206256866,0
2259,0.355253010988235,0
205,0.440272122621536,0
353,0.939999163150787,1
1212,0.122849524021149,0
2993,0.100110605359077,0
1479,0.641335308551788,1
1707,0.163656622171402,0
613,0.597768187522888,1
998,0.563842058181763,1
2862,0.592615604400635,1
2860,0.430773079395294,0
636,0.0807345658540726,0
1954,0.563863515853882,1
2789,0.518579006195068,1
2066,0.637906312942505,1
714,0.483655899763107,0
1922,0.222230866551399,0
2339,0.397206395864487,0
2850,0.461509048938751,0
482,0.757965087890625,1
2600,0.644327521324158,1
2644,0.436826944351196,0
239,0.514418661594391,1
2002,0.284727960824966,0
473,0.266806393861771,0
965,0.277536422014236,0
179,0.284332036972046,0
887,0.299990236759186,0
576,0.347492277622223,0
599,0.564872324466705,1
2893,0.242483720183372,0
1236,0.196645736694336,0
1528,0.558985769748688,1
1684,0.760955274105072,1
1798,0.250032752752304,0
1024,0.084800161421299,0
1117,0.292240142822266,0
1292,0.374599665403366,0
2803,0.135726571083069,0
1089,0.524677932262421,1
1687,0.79254537820816,1
2513,0.776683866977692,1
718,0.467284321784973,0
1332,0.434499979019165,0
732,0.315225034952164,0
1773,0.880799829959869,1
734,0.747395753860474,1
1740,0.12056291103363,0
2997,0.300518751144409,0
2635,0.614285111427307,1
850,0.296482354402542,0
2110,0.728065490722656,1
1928,0.260497510433197,0
2605,0.482119977474213,0
2316,0.267920464277267,0
2256,0.771609902381897,1
1852,0.520804524421692,1
1664,0.478738158941269,0
395,0.366705536842346,0
1305,0.0530643612146378,0
618,0.577650189399719,1
2642,0.0589590929448605,0
495,0.417620986700058,0
2645,0.38412156701088,0
831,0.754678666591644,1
129,0.123472735285759,0
731,0.651728570461273,1
384,0.677330493927002,1
646,0.657901465892792,1
2939,0.575214385986328,1
846,0.241571918129921,0
1607,0.224701777100563,0
259,0.450974583625793,0
2636,0.563842058181763,1
1999,0.16855663061142,0
764,0.388984590768814,0
2838,0.734778106212616,1
100,0.366917222738266,0
2372,0.85747891664505,1
70,0.0154758412390947,0
1989,0.379111915826797,0
1545,0.480793058872223,0
2863,0.398164600133896,0
1952,0.296253472566605,0
1377,0.775116205215454,1
2362,0.161519452929497,0
739,0.122068785130978,0
1641,0.210156440734863,0
515,0.124351635575294,0
1861,0.158981069922447,0
1014,0.540004134178162,1
216,0.486193060874939,0
1817,0.461381018161774,0
542,0.209127262234688,0
78,0.353714674711227,0
2870,0.773291289806366,1
852,0.857288360595703,1
2474,0.717764556407928,1
1535,0.421779364347458,0
1039,0.750924050807953,1
2831,0.199058711528778,0
2244,0.265622645616531,0
1559,0.122073501348495,0
386,0.12056291103363,0
2894,0.0784992575645447,0
1685,0.826742172241211,1
845,0.123203977942467,0
672,0.065082274377346,0
1416,0.293333441019058,0
654,0.684061646461487,1
214,0.337013155221939,0
1287,0.324530154466629,0
788,0.618728578090668,1
2460,0.454317450523376,0
2509,0.957988262176514,1
723,0.336628973484039,0
2986,0.738330125808716,1
2417,0.738674938678741,1
1139,0.369931101799011,0
2549,0.496774643659592,0
221,0.196027979254723,0
1174,0.315154492855072,0
497,0.190486997365952,0
2872,0.397716969251633,0
2723,0.465708345174789,0
2329,0.749903500080109,1
552,0.298551708459854,0
1647,0.658038735389709,1
2374,0.195001244544983,0
1739,0.229953855276108,0
22,0.349396586418152,0
1243,0.157091304659843,0
2181,0.934048056602478,1
2016,0.367277830839157,0
2520,0.441597580909729,0
1176,0.171513885259628,0
509,0.254994451999664,0
2487,0.553551316261292,1
2147,0.646201908588409,1
890,0.630780577659607,1
182,0.3059301674366,0
2590,0.278910100460052,0
697,0.582223236560822,1
799,0.480731993913651,0
136,0.236803755164146,0
524,0.481682509183884,0
2737,0.199399814009666,0
1906,0.621955811977386,1
2160,0.354372382164001,0
2264,0.805951774120331,1
83,0.521596670150757,1
2710,0.614793598651886,1
1942,0.750395476818085,1
2854,0.570506453514099,1
2654,0.251400887966156,0
1628,0.457028597593307,0
2581,0.384134858846664,0
2387,0.745761573314667,1
2611,0.266304314136505,0
1112,0.141345277428627,0
2954,0.0938090309500694,0
44,0.5611851811409,1
942,0.49560359120369,0
2958,0.784394264221191,1
2379,0.336628973484039,0
1114,0.513639867305756,1
2528,0.168499290943146,0
2912,0.57816070318222,1
1517,0.0777454301714897,0
2602,0.618178844451904,1
1642,0.835128009319305,1
2375,0.171513885259628,0
1343,0.377639889717102,0
1856,0.480042934417725,0
957,0.141120404005051,0
728,0.293278753757477,0
879,0.462615251541138,0
1027,0.623921394348145,1
1914,0.257353007793427,0
1746,0.57325541973114,1
2299,0.295201301574707,0
893,0.387603938579559,0
404,0.207341760396957,0
547,0.538949072360992,1
1975,0.452313452959061,0
995,0.370478749275208,0
1472,0.22141221165657,0
798,0.359027594327927,0
1020,0.699114203453064,1
1475,0.508155882358551,1
1600,0.283836513757706,0
1769,0.202900469303131,0
2922,0.642052531242371,1
2940,0.615457773208618,1
373,0.589792728424072,1
2536,0.563058972358704,1
2415,0.289683043956757,0
1846,0.568630337715149,1
2309,0.382703840732574,0
2655,0.576316237449646,1
1994,0.227921083569527,0
1211,0.291269987821579,0
782,0.486086457967758,0
1682,0.130886495113373,0
884,0.728323042392731,1
18,0.498246401548386,0
2453,0.670220255851746,1
2659,0.228416234254837,0
1532,0.163726598024368,0
894,0.0949092209339142,0
1375,0.203077331185341,0
366,0.144770115613937,0
287,0.283644199371338,0
1527,0.73469614982605,1
1583,0.364436507225037,0
1296,0.234132558107376,0
2658,0.318381935358047,0
466,0.375214040279388,0
1853,0.179696083068848,0
2035,0.0466627031564713,0
1208,0.315225034952164,0
969,0.313437640666962,0
1796,0.120513841509819,0
1177,0.149921089410782,0
1043,0.141120404005051,0
667,0.225520700216293,0
2045,0.426513165235519,0
2237,0.169311836361885,0
1833,0.216357633471489,0
1075,0.431759208440781,0
2992,0.822719633579254,1
2661,0.11958671361208,0
1609,0.887956082820892,1
410,0.576878130435944,1
1471,0.461677998304367,0
1674,0.242483720183372,0
2340,0.0503746718168259,0
68,0.337168037891388,0
2352,0.620158612728119,1
1201,0.758218228816986,1
2664,0.242483720183372,0
2711,0.25192928314209,0
773,0.610185146331787,1
2589,0.705547571182251,1
34,0.405892968177795,0
631,0.399463713169098,0
684,0.529699087142944,1
2226,0.295201301574707,0
361,0.326745808124542,0
608,0.473163604736328,0
2748,0.459590017795563,0
2296,0.397982776165009,0
2570,0.596250414848328,1
1686,0.538950383663177,1
2676,0.808098495006561,1
1519,0.237378671765327,0
1267,0.309163302183151,0
1467,0.727830946445465,1
1016,0.410031586885452,0
1784,0.671014428138733,1
1398,0.640613257884979,1
1542,0.748796284198761,1
127,0.21684205532074,0
1242,0.135797873139381,0
2214,0.247857019305229,0
2350,0.833071887493134,1
907,0.17297138273716,0
1283,0.559729754924774,1
740,0.15831746160984,0
337,0.149166941642761,0
2534,0.453146576881409,0
2929,0.278910100460052,0
855,0.222476065158844,0
857,0.656379342079163,1
1210,0.130886495113373,0
470,0.764259874820709,1
1071,0.856152772903442,1
1680,0.760818004608154,1
2394,0.242287397384644,0
1548,0.152404725551605,0
1426,0.425297111272812,0
1834,0.336094051599503,0
2683,0.48978990316391,0
978,0.544884264469147,1
2253,0.579335033893585,1
1240,0.375515788793564,0
1949,0.115542814135551,0
2242,0.15516372025013,0
630,0.44112092256546,0
829,0.157569721341133,0
2765,0.866293966770172,1
382,0.702418088912964,1
1582,0.143759533762932,0
1637,0.31780081987381,0
516,0.530107378959656,1
132,0.613952279090881,1
1144,0.113690830767155,0
307,0.772985458374023,1
841,0.346187919378281,0
2386,0.301121711730957,0
2217,0.437340825796127,0
356,0.138619229197502,0
1350,0.550906717777252,1
1865,0.117671377956867,0
1315,0.841111779212952,1
2353,0.318804323673248,0
66,0.580701529979706,1
308,0.268578767776489,0
597,0.114108264446259,0
2027,0.135718405246735,0
213,0.099418930709362,0
2245,0.167446538805962,0
1026,0.335591912269592,0
1598,0.491174608469009,0
88,0.315225034952164,0
2957,0.169311836361885,0
1828,0.659530580043793,1
1932,0.545074582099915,1
575,0.688247680664062,1
207,0.138619229197502,0
1900,0.0625007674098015,0
1404,0.466534227132797,0
1338,0.413553386926651,0
813,0.175194352865219,0
2904,0.0850065723061562,0
2569,0.535828471183777,1
2241,0.244792491197586,0
224,0.534899353981018,1
726,0.686450719833374,1
2895,0.808424413204193,1
1373,0.224387258291245,0
442,0.751827716827393,1
431,0.517789483070374,1
517,0.0964779406785965,0
1321,0.17316772043705,0
294,0.308238565921783,0
903,0.576350390911102,1
2230,0.0784992575645447,0
1667,0.570438027381897,1
1293,0.965881109237671,1
1155,0.243408769369125,0
325,0.410770535469055,0
746,0.303405523300171,0
2004,0.332282364368439,0
274,0.710817456245422,1
915,0.373269349336624,0
413,0.489547848701477,0
573,0.56586104631424,1
1090,0.337822258472443,0
1335,0.11958671361208,0
1427,0.330093532800674,0
1541,0.193000212311745,0
2511,0.930110216140747,1
137,0.735920190811157,1
970,0.509874820709229,1
1402,0.378696143627167,0
2784,0.386241734027863,0
1088,0.25276717543602,0
74,0.311782121658325,0
1640,0.173369452357292,0
2115,0.187571048736572,0
425,0.325842320919037,0
1889,0.27823805809021,0
424,0.161268338561058,0
2018,0.187571048736572,0
2144,0.128766968846321,0
203,0.297046065330505,0
1101,0.191965490579605,0
2839,0.437187880277634,0
898,0.31294509768486,0
1241,0.242483720183372,0
2161,0.338045924901962,0
1537,0.598096907138824,1
856,0.419522076845169,0
51,0.170283704996109,0
1925,0.292047560214996,0
620,0.369468241930008,0
1507,0.115838512778282,0
2164,0.43099907040596,0
352,0.459590017795563,0
2080,0.167481645941734,0
1051,0.361681580543518,0
186,0.472765117883682,0
1013,0.425906389951706,0
271,0.505758285522461,1
25,0.278910100460052,0
1029,0.688891053199768,1
2779,0.135797873139381,0
426,0.463023006916046,0
2331,0.169830769300461,0
1365,0.485241919755936,0
952,0.171513885259628,0
469,0.169311836361885,0
2034,0.267028093338013,0
2517,0.691528916358948,1
628,0.161519452929497,0
1760,0.430773079395294,0
2096,0.0679340958595276,0
1716,0.416618347167969,0
1741,0.405720055103302,0
1403,0.29223558306694,0
2598,0.70265519618988,1
873,0.576106250286102,1
2540,0.264311850070953,0
649,0.117066726088524,0
2751,0.587948381900787,1
1132,0.175590217113495,0
1945,0.654229521751404,1
1374,0.365672379732132,0
1737,0.57816070318222,1
2946,0.462725073099136,0
419,0.867232739925385,1
1992,0.397921323776245,0
637,0.815863907337189,1
2716,0.235102564096451,0
1708,0.727632999420166,1
2233,0.292526066303253,0
230,0.283589333295822,0
1700,0.860068023204803,1
2408,0.126353204250336,0
2470,0.617736041545868,1
2349,0.771200597286224,1
233,0.171281307935715,0
1084,0.363477915525436,0
2837,0.0352898836135864,0
2564,0.10173524171114,0
2694,0.323881059885025,0
520,0.524213433265686,1
2680,0.264244049787521,0
1111,0.755201518535614,1
2219,0.392411947250366,0
1909,0.415424376726151,0
502,0.134224280714989,0
772,0.373269349336624,0
253,0.717764556407928,1
1121,0.340119689702988,0
1761,0.58122992515564,1
1793,0.6784907579422,1
900,0.628136098384857,1
839,0.101742245256901,0
2059,0.379557639360428,0
1854,0.284714758396149,0
2071,0.363253444433212,0
2571,0.600328266620636,1
673,0.528432250022888,1
1168,0.149166941642761,0
931,0.52103990316391,1
2688,0.766106247901917,1
1007,0.28849533200264,0
211,0.786103487014771,1
655,0.478278875350952,0
2062,0.643859148025513,1
2552,0.760752499103546,1
2195,0.164107441902161,0
675,0.567898154258728,1
458,0.663588583469391,1
1876,0.7338827252388,1
2603,0.518031299114227,1
2047,0.514486014842987,1
1691,0.622839450836182,1
2768,0.230658233165741,0
584,0.0503746718168259,0
2822,0.17921270430088,0
2578,0.143539994955063,0
2391,0.655994236469269,1
2058,0.540462136268616,1
1987,0.412680894136429,0
2675,0.305940926074982,0
27,0.12056291103363,0
974,0.28849533200264,0
578,0.051044475287199,0
2432,0.409795343875885,0
1978,0.734796106815338,1
2729,0.407022595405579,0
385,0.190011024475098,0
2155,0.0247194115072489,0
2883,0.0869075804948807,0
1538,0.736723840236664,1
908,0.187571048736572,0
2281,0.564023077487946,1
1719,0.316065520048141,0
1498,0.515487432479858,1
629,0.770340859889984,1
1775,0.167917177081108,0
2924,0.344377249479294,0
1401,0.247857019305229,0
633,0.783348798751831,1
2936,0.311086237430573,0
1006,0.824885249137878,1
924,0.546259343624115,1
2842,0.108221232891083,0
163,0.369847506284714,0
2584,0.576154470443726,1
2211,0.166458070278168,0
392,0.067940965294838,0
1959,0.572283565998077,1
2157,0.422024935483932,0
2294,0.845605254173279,1
2999,0.295177072286606,0
194,0.222489193081856,0
1891,0.143069818615913,0
2743,0.401652336120605,0
651,0.109768457710743,0
1064,0.787808001041412,1
1157,0.168499290943146,0
1433,0.269899398088455,0
2298,0.42404717206955,0
1500,0.325937062501907,0
2003,0.128766968846321,0
2399,0.154164552688599,0
2824,0.343577593564987,0
2682,0.36540287733078,0
102,0.264244049787521,0
138,0.425800889730453,0
882,0.418198972940445,0
40,0.220526948571205,0
2747,0.270579308271408,0
242,0.178888574242592,0
2083,0.10173524171114,0
2082,0.588257908821106,1
2796,0.115542814135551,0
340,0.618715345859528,1
2529,0.847638785839081,1
451,0.355109930038452,0
2843,0.0930180698633194,0
1063,0.54819792509079,1
661,0.725212335586548,1
2825,0.265000015497208,0
1929,0.315836310386658,0
877,0.742977499961853,1
1567,0.154164552688599,0
2739,0.87794303894043,1
2213,0.390031814575195,0
794,0.135797873139381,0
154,0.797399818897247,1
2258,0.757315814495087,1
1417,0.372863858938217,0
1824,0.506398379802704,1
2422,0.622630655765533,1
462,0.225908502936363,0
2338,0.441243201494217,0
2956,0.225108772516251,0
771,0.116616770625114,0
627,0.28632926940918,0
1718,0.190486997365952,0
1985,0.290453255176544,0
2373,0.439274728298187,0
2524,0.375214040279388,0
1632,0.476764410734177,0
2558,0.149921089410782,0
1072,0.88860285282135,1
1810,0.371354222297668,0
647,0.61333817243576,1
2462,0.278910100460052,0
2406,0.732729494571686,1
2892,0.340119689702988,0
283,0.377767413854599,0
2106,0.165048480033875,0
2359,0.323910266160965,0
2670,0.295015126466751,0
1379,0.262596756219864,0
225,0.924138724803925,1
2897,0.156921222805977,0
1690,0.130886495113373,0
1851,0.227921083569527,0
2851,0.214215815067291,0
1499,0.842699944972992,1
2965,0.115838512778282,0
973,0.383039474487305,0
569,0.290967166423798,0
92,0.14450977742672,0
1107,0.421497941017151,0
619,0.745590806007385,1
1366,0.0860994234681129,0
2354,0.184224352240562,0
342,0.811829805374146,1
2551,0.242921561002731,0
280,0.461691826581955,0
2823,0.121151141822338,0
290,0.476237654685974,0
1223,0.2978256046772,0
2733,0.428733587265015,0
2735,0.491204977035522,0
2315,0.186977967619896,0
2792,0.50246924161911,1
1838,0.292047560214996,0
2715,0.458577215671539,0
1702,0.321060478687286,0
1276,0.312658935785294,0
1574,0.0831614881753922,0
1355,0.775061309337616,1
541,0.315225034952164,0
1880,0.296253472566605,0
972,0.364412277936935,0
556,0.836841344833374,1
1656,0.520463943481445,1
1046,0.171513885259628,0
227,0.139655917882919,0
26,0.295201301574707,0
2108,0.0781402289867401,0
2284,0.0614410601556301,0
46,0.582942962646484,1
1772,0.115542814135551,0
1964,0.54770290851593,1
2506,0.81698340177536,1
2840,0.0662475004792213,0
525,0.540123105049133,1
2182,0.157611235976219,0
2976,0.355350732803345,0
2575,0.6668940782547,1
2930,0.115852244198322,0
107,0.875868320465088,1
983,0.0748240575194359,0
422,0.200835525989532,0
2812,0.423408061265945,0
1065,0.0688248947262764,0
1481,0.242483720183372,0
10,0.532804489135742,1
916,0.199813783168793,0
568,0.668244183063507,1
2419,0.559146761894226,1
1827,0.528389453887939,1
1771,0.42474490404129,0
1734,0.841171503067017,1
293,0.25854030251503,0
2014,0.342479944229126,0
975,0.149921089410782,0
2099,0.187571048736572,0
1249,0.188262701034546,0
1304,0.0863961651921272,0
1330,0.765910089015961,1
217,0.469024479389191,0
67,0.053943257778883,0
2541,0.436865031719208,0
2009,0.577192306518555,1
501,0.250129401683807,0
1300,0.308458179235458,0
2880,0.182111069560051,0
234,0.184423387050629,0
994,0.290862888097763,0
1725,0.361949115991592,0
780,0.373408198356628,0
2188,0.434332519769669,0
1522,0.169311836361885,0
1593,0.281830370426178,0
1186,0.331208854913712,0
421,0.894420504570007,1
1094,0.362451553344727,0
87,0.63387393951416,1
1802,0.423408061265945,0
269,0.218239068984985,0
826,0.735014796257019,1
164,0.733641386032104,1
2494,0.202995583415031,0
1681,0.784007251262665,1
1529,0.246828854084015,0
2816,0.478032827377319,0
447,0.249481111764908,0
1584,0.545543789863586,1
160,0.242483720183372,0
1415,0.262596756219864,0
1799,0.169311836361885,0
82,0.452657729387283,0
941,0.700166761875153,1
383,0.972082495689392,1
2484,0.394822120666504,0
658,0.931551814079285,1
1870,0.280052244663239,0
2423,0.405916780233383,0
430,0.17316772043705,0
1317,0.199399814009666,0
260,0.115838512778282,0
959,0.342585027217865,0
1568,0.639817655086517,1
376,0.629035890102386,1
1145,0.329569220542908,0
2084,0.427377134561539,0
1866,0.791677832603455,1
1887,0.547480702400208,1
966,0.546610295772552,1
1830,0.0784992575645447,0
2197,0.377767413854599,0
2554,0.0585457682609558,0
1214,0.384941279888153,0
2500,0.418839782476425,0
2596,0.397008925676346,0
180,0.617057919502258,1
1195,0.124030828475952,0
2502,0.714495420455933,1
2463,0.179596647620201,0
1279,0.334904879331589,0
328,0.600042819976807,1
1588,0.371244519948959,0
1745,0.0748240575194359,0
1955,0.648766934871674,1
2337,0.469567805528641,0
1803,0.104693725705147,0
2141,0.508008480072021,1
2925,0.149415388703346,0
2005,0.227921083569527,0
1626,0.338045924901962,0
2483,0.0928761437535286,0
1872,0.749882996082306,1
2861,0.247540876269341,0
2550,0.337722212076187,0
707,0.369247615337372,0
1265,0.642130792140961,1
2568,0.12832935154438,0
670,0.335805714130402,0
41,0.390864104032516,0
721,0.395581603050232,0
2955,0.375669002532959,0
1701,0.513639867305756,1
268,0.421694487333298,0
206,0.362755447626114,0
351,0.841637134552002,1
1979,0.838998138904572,1
2544,0.485899448394775,0
2577,0.163185119628906,0
118,0.638392448425293,1
615,0.656940877437592,1
2493,0.317630022764206,0
2775,0.0653496384620667,0
2290,0.757764756679535,1
2246,0.385093361139297,0
1930,0.470774680376053,0
1151,0.344410628080368,0
1147,0.624857664108276,1
1777,0.3158960044384,0
1766,0.395034611225128,0
2647,0.506292700767517,1
2648,0.147426754236221,0
1037,0.473163604736328,0
2580,0.0663981065154076,0
16,0.653902530670166,1
1329,0.477314472198486,0
275,0.571396708488464,1
2948,0.313437640666962,0
1234,0.615901827812195,1
1570,0.605071842670441,1
2876,0.215448439121246,0
1209,0.704421877861023,1
1119,0.478821605443954,0
1815,0.300581514835358,0
2271,0.85713517665863,1
821,0.145999178290367,0
895,0.355512470006943,0
937,0.270463973283768,0
115,0.163921073079109,0
1256,0.871912121772766,1
917,0.179430559277534,0
2614,0.163726598024368,0
2482,0.766699373722076,1
1757,0.759818732738495,1
1378,0.349037170410156,0
1972,0.326069414615631,0
1630,0.245790630578995,0
2102,0.302049726247787,0
1368,0.17316772043705,0
2121,0.945143103599548,1
354,0.485300362110138,0
2646,0.512513041496277,1
1947,0.488034546375275,0
2095,0.623508214950562,1
1044,0.373596370220184,0
2833,0.346571296453476,0
2604,0.205236360430717,0
341,0.97275698184967,1
1759,0.292047560214996,0
1883,0.109329804778099,0
1516,0.225497841835022,0
1676,0.356214880943298,0
2426,0.816705286502838,1
1974,0.324651151895523,0
1376,0.315225034952164,0
1494,0.287136942148209,0
938,0.712551176548004,1
2163,0.345026940107346,0
2145,0.728640556335449,1
1414,0.630547761917114,1
7,0.401677012443542,0
1259,0.512104451656342,1
1159,0.138619229197502,0
1934,0.440910547971725,0
660,0.607227981090546,1
2782,0.0730663016438484,0
1502,0.435298234224319,0
1566,0.340119689702988,0
804,0.397008925676346,0
2371,0.425195962190628,0
872,0.718520045280457,1
2376,0.40567222237587,0
685,0.0256838668137789,0
2036,0.67468398809433,1
2961,0.727167189121246,1
2063,0.492354154586792,0
1814,0.210233971476555,0
2579,0.340954035520554,0
2770,0.138055190443993,0
2138,0.282972902059555,0
282,0.351079672574997,0
1624,0.392465740442276,0
909,0.8378626704216,1
2265,0.960920035839081,1
2753,0.189347729086876,0
2446,0.473365902900696,0
1095,0.519464731216431,1
1752,0.536743700504303,1
1990,0.076252818107605,0
249,0.204207614064217,0
444,0.394075065851212,0
2721,0.704767525196075,1
876,0.96446967124939,1
2973,0.0145381959155202,0
901,0.792247951030731,1
2085,0.483215421438217,0
1898,0.494939208030701,0
1253,0.506292700767517,1
1669,0.737311005592346,1
1328,0.263696134090424,0
1692,0.655145764350891,1
313,0.326529711484909,0
989,0.563842058181763,1
1306,0.385047107934952,0
369,0.0976392924785614,0
2947,0.538565516471863,1
262,0.499577760696411,0
2015,0.425322592258453,0
2977,0.110595688223839,0
2507,0.242287397384644,0
1722,0.236925795674324,0
2232,0.257353007793427,0
1723,0.106637820601463,0
1451,0.456183016300201,0
527,0.402034759521484,0
2103,0.246276989579201,0
2295,0.796795725822449,1
435,0.347091555595398,0
5,0.486336052417755,0
439,0.552111446857452,1
1080,0.846168577671051,1
258,0.518769145011902,1
1476,0.90186870098114,1
2198,0.80423766374588,1
784,0.315225034952164,0
1678,0.373930066823959,0
2621,0.239557385444641,0
326,0.197285205125809,0
1336,0.839997291564941,1
1961,0.513522207736969,1
1086,0.401652336120605,0
2427,0.544146299362183,1
156,0.250032752752304,0
743,0.967109501361847,1
1005,0.327664613723755,0
596,0.648755967617035,1
1202,0.318380057811737,0
912,0.391756266355515,0
24,0.473163604736328,0
2624,0.512889623641968,1
357,0.444673448801041,0
1461,0.578161358833313,1
2140,0.801282942295074,1
1257,0.224387258291245,0
333,0.267800539731979,0
1561,0.365006566047668,0
185,0.494238674640656,0
2286,0.1099958345294,0
2202,0.38460373878479,0
2989,0.0863961651921272,0
263,0.271060943603516,0
2380,0.101746559143066,0
1263,0.475302934646606,0
954,0.57781058549881,1
94,0.587152004241943,1
1036,0.37940514087677,0
1345,0.514915823936462,1
593,0.16066800057888,0
1437,0.217460811138153,0
1855,0.432420045137405,0
2476,0.455578655004501,0
2223,0.600898265838623,1
2052,0.21684205532074,0
2918,0.179837673902512,0
2757,0.60081946849823,1
2968,0.0748240575194359,0
986,0.312918335199356,0
2503,0.636081755161285,1
2466,0.800316333770752,1
662,0.716426849365234,1
1820,0.242483720183372,0
2543,0.55749636888504,1
1424,0.376387894153595,0
1060,0.12056291103363,0
86,0.196802124381065,0
1170,0.135891199111938,0
1125,0.125520944595337,0
1927,0.228537306189537,0
2791,0.441964954137802,0
161,0.969456672668457,1
2899,0.790119111537933,1
1160,0.229545339941978,0
2266,0.480973571538925,0
2044,0.735486507415771,1
2625,0.278910100460052,0
2158,0.422024935483932,0
2172,0.634921371936798,1
926,0.22424703836441,0
2194,0.296745628118515,0
1787,0.155573353171349,0
1199,0.422868669033051,0
2911,0.311782121658325,0
640,0.481785655021667,0
1577,0.557928562164307,1
2734,0.344916254281998,0
488,0.550153017044067,1
2133,0.265774130821228,0
1916,0.48450180888176,0
1885,0.168499290943146,0
1695,0.893687188625336,1
2486,0.976302266120911,1
985,0.339199632406235,0
962,0.644057095050812,1
2175,0.109727688133717,0
2,0.465626031160355,0
1553,0.356193274259567,0
2206,0.360042780637741,0
1254,0.143759533762932,0
1788,0.753369510173798,1
1193,0.942571461200714,1
725,0.393180340528488,0
1274,0.204832851886749,0
173,0.199522510170937,0
949,0.351429551839828,0
1175,0.601741790771484,1
2931,0.606881022453308,1
2868,0.385091632604599,0
1194,0.503429472446442,1
121,0.336628973484039,0
1103,0.248005837202072,0
2118,0.378954976797104,0
1613,0.0859828442335129,0
1286,0.255846798419952,0
824,0.238190308213234,0
1727,0.0784992575645447,0
1970,0.704421877861023,1
286,0.397008925676346,0
2116,0.394176632165909,0
1603,0.51746541261673,1
2454,0.627902984619141,1
1967,0.4705930352211,0
1703,0.761025249958038,1
2705,0.151476889848709,0
2501,0.314039468765259,0
1496,0.759704887866974,1
1150,0.170779973268509,0
272,0.28143310546875,0
1774,0.336425960063934,0
2332,0.366870999336243,0
1767,0.148982912302017,0
2319,0.59200644493103,1
1871,0.183317869901657,0
2442,0.54894745349884,1
2465,0.234804853796959,0
554,0.251400887966156,0
1604,0.216340318322182,0
437,0.534767627716064,1
1418,0.130667880177498,0
2910,0.337269008159637,0
406,0.307793378829956,0
1273,0.223102986812592,0
2348,0.399929910898209,0
498,0.857783794403076,1
823,0.485536247491837,0
200,0.439565569162369,0
471,0.728186011314392,1
1842,0.387830585241318,0
1864,0.164107441902161,0
215,0.55747789144516,1
1539,0.690171837806702,1
1434,0.472266435623169,0
2830,0.331115454435349,0
2628,0.478278875350952,0
1443,0.803282678127289,1
612,0.292998105287552,0
1221,0.557318210601807,1
2704,0.158527553081512,0
362,0.324651151895523,0
549,0.90601921081543,1
2113,0.948332488536835,1
1953,0.135726571083069,0
2617,0.842359602451324,1
109,0.354574531316757,0
2794,0.334679245948792,0
713,0.300991535186768,0
2389,0.720227777957916,1
1285,0.143069818615913,0
809,0.144770115613937,0
1122,0.657502412796021,1
2722,0.642966508865356,1
2313,0.813253104686737,1
1135,0.101742245256901,0
128,0.227094367146492,0
899,0.776683866977692,1
783,0.400858998298645,0
1262,0.480798453092575,0
1034,0.613750696182251,1
775,0.247065126895905,0
1946,0.553278088569641,1
2385,0.376290172338486,0
2526,0.392526924610138,0
1614,0.0239654742181301,0
1645,0.970851898193359,1
1825,0.405892968177795,0
2430,0.36991935968399,0
2608,0.570023238658905,1
603,0.598096907138824,1
1136,0.55126279592514,1
530,0.38482865691185,0
2927,0.411619633436203,0
2236,0.147936224937439,0
2874,0.251400887966156,0
753,0.469079077243805,0
776,0.421329170465469,0
2514,0.378020644187927,0
2450,0.186089649796486,0
1950,0.28849533200264,0
105,0.157477200031281,0
2731,0.652247369289398,1
1238,0.241962119936943,0
59,0.360423654317856,0
2305,0.0891162604093552,0
665,0.315225034952164,0
2697,0.525854051113129,1
1290,0.171638607978821,0
368,0.796981811523438,1
1829,0.187571048736572,0
1171,0.339327692985535,0
611,0.171281307935715,0
528,0.284950464963913,0
2076,0.370368838310242,0
2827,0.42331251502037,0
2515,0.505324900150299,1
2081,0.171513885259628,0
2433,0.292367398738861,0
2130,0.484449863433838,0
2724,0.3566555082798,0
264,0.313303798437119,0
2109,0.160629495978355,0
2388,0.204297631978989,0
456,0.59880256652832,1
2516,0.135797873139381,0
2612,0.4537513256073,0
616,0.507246792316437,1
922,0.739896476268768,1
2347,0.428674548864365,0
210,0.453537613153458,0
2878,0.623921394348145,1
2795,0.456256121397018,0
2042,0.686181724071503,1
2434,0.690957844257355,1
1785,0.362665116786957,0
1464,0.941286325454712,1
2407,0.721655428409576,1
2959,0.373728364706039,0
1595,0.333832591772079,0
2187,0.905468821525574,1
1850,0.16174428164959,0
1409,0.397008925676346,0
80,0.346426039934158,0
1405,0.32875981926918,0
1252,0.515219628810883,1
2637,0.28656005859375,0
738,0.499577760696411,0
2967,0.293633669614792,0
1983,0.325762242078781,0
1868,0.239557385444641,0
188,0.743905484676361,1
1291,0.23523373901844,0
339,0.662731170654297,1
2170,0.121018372476101,0
1599,0.35727533698082,0
2072,0.669968485832214,1
305,0.492999702692032,0
1779,0.525273263454437,1
1841,0.0472449399530888,0
1298,0.149166941642761,0
1229,0.563268601894379,1
1399,0.385062783956528,0
457,0.587948381900787,1
2826,0.408244341611862,0
2888,0.489072918891907,0
1062,0.757764756679535,1
241,0.756672024726868,1
1477,0.213308647274971,0
1116,0.679739952087402,1
1688,0.376965671777725,0
551,0.719943523406982,1
1549,0.472257763147354,0
1178,0.417964845895767,0
1497,0.58122992515564,1
1805,0.771471440792084,1
2800,0.431080251932144,0
1004,0.766106247901917,1
1478,0.770855247974396,1
842,0.165804922580719,0
8,0.372296899557114,0
1407,0.135718405246735,0
704,0.47085052728653,0
2333,0.390850573778152,0
1807,0.423408061265945,0
1465,0.206403493881226,0
2560,0.355112582445145,0
2345,0.144770115613937,0
1962,0.0777690932154655,0
1348,0.722488522529602,1
1049,0.213531687855721,0
1303,0.355512470006943,0
1204,0.151294812560081,0
1941,0.329476445913315,0
511,0.269690901041031,0
2497,0.28849533200264,0
505,0.658082902431488,1
2937,0.23069503903389,0
349,0.380282312631607,0
1525,0.20788885653019,0
2356,0.40919902920723,0
15,0.586666345596313,1
2401,0.232819944620132,0
1721,0.642236709594727,1
378,0.287136942148209,0
393,0.593682587146759,1
1278,0.689105033874512,1
1048,0.0939122810959816,0
2521,0.646627604961395,1
2773,0.32092422246933,0
1633,0.674817800521851,1
832,0.293633669614792,0
400,0.344059139490128,0
150,0.61456173658371,1
1534,0.171281307935715,0
711,0.205176055431366,0
566,0.35291200876236,0
1622,0.373269349336624,0
358,0.371810138225555,0
512,0.126520827412605,0
441,0.426519930362701,0
2467,0.353976339101791,0
2555,0.354444146156311,0
243,0.290967166423798,0
1958,0.621957778930664,1
2606,0.115542814135551,0
2709,0.429281294345856,0
1200,0.461805790662766,0
2436,0.647864103317261,1
2902,0.639895737171173,1
2907,0.789804518222809,1
523,0.0764363929629326,0
1508,0.128766968846321,0
1808,0.390567243099213,0
389,0.845973134040833,1
1115,0.272691279649734,0
2365,0.305498749017715,0
992,0.104693725705147,0
2750,0.328758895397186,0
2301,0.521078526973724,1
624,0.623921394348145,1
2638,0.661181390285492,1
904,0.148917928338051,0
1683,0.535740792751312,1
956,0.452796071767807,0
2152,0.858810782432556,1
42,0.280203402042389,0
2342,0.310011178255081,0
758,0.455765187740326,0
1011,0.080715723335743,0
1491,0.445260584354401,0
2308,0.44170418381691,0
943,0.339278310537338,0
1458,0.982475996017456,1
1933,0.332137167453766,0
521,0.373936593532562,0
2209,0.613009214401245,1
920,0.0784992575645447,0
2681,0.0223734714090824,0
2067,0.331840813159943,0
1453,0.735920190811157,1
1035,0.143438577651978,0
715,0.888605833053589,1
1712,0.389450341463089,0
2508,0.587660312652588,1
2006,0.481264173984528,0
571,0.319978773593903,0
1326,0.143759533762932,0
2981,0.654613614082336,1
1589,0.689714133739471,1
2238,0.0276908427476883,0
1067,0.326346546411514,0
1556,0.299377977848053,0
2525,0.0683020725846291,0
1993,0.545373618602753,1
1104,0.279408723115921,0
2548,0.46005317568779,0
531,0.391398847103119,0
1260,0.53619509935379,1
1182,0.395844638347626,0
2742,0.194406509399414,0
371,0.179696083068848,0
438,0.170495420694351,0
1220,0.553874254226685,1
394,0.318283230066299,0
1058,0.766789257526398,1
1015,0.469567805528641,0
1367,0.892427623271942,1
2327,0.432749390602112,0
2234,0.844984889030457,1
1791,0.786861002445221,1
142,0.263696134090424,0
89,0.468657106161118,0
162,0.963110446929932,1
699,0.600898265838623,1
1679,0.306324750185013,0
335,0.520688354969025,1
2783,0.288895547389984,0
2667,0.894901514053345,1
2411,0.388984590768814,0
558,0.144770115613937,0
2091,0.371844828128815,0
2766,0.449985980987549,0
228,0.616514205932617,1
252,0.32116562128067,0
1924,0.639658868312836,1
1896,0.17316772043705,0
432,0.280220508575439,0
1819,0.357861489057541,0
126,0.701995134353638,1
2587,0.234132558107376,0
2585,0.409430056810379,0
543,0.376290172338486,0
2485,0.251400887966156,0
2049,0.0373785197734833,0
2285,0.146351188421249,0
1765,0.448799759149551,0
1907,0.775961637496948,1
2588,0.283038705587387,0
183,0.379158228635788,0
2607,0.437340825796127,0
1736,0.264244049787521,0
1587,0.304904520511627,0
1032,0.287830382585526,0
2859,0.143759533762932,0
2672,0.453595101833344,0
2263,0.332282364368439,0
692,0.164107441902161,0
2252,0.164819091558456,0
2504,0.180169582366943,0
1228,0.54209691286087,1
2499,0.203077331185341,0
2776,0.184435993432999,0
500,0.118197724223137,0
1660,0.290030747652054,0
170,0.573401868343353,1
1918,0.346625745296478,0
1432,0.612607538700104,1
708,0.283604443073273,0
2626,0.404225081205368,0
95,0.192849263548851,0
145,0.339659571647644,0
1698,0.154164552688599,0
1102,0.294538944959641,0
1617,0.257276743650436,0
761,0.270463973283768,0
2134,0.234132558107376,0
1421,0.260017037391663,0
2477,0.302051782608032,0
1389,0.158427745103836,0
1057,0.461509048938751,0
209,0.461509048938751,0
125,0.379905551671982,0
2669,0.4272141456604,0
2325,0.187571048736572,0
2204,0.490410804748535,0
585,0.627491176128387,1
1073,0.341367572546005,0
2031,0.379111915826797,0
1555,0.476323306560516,0
1079,0.370945513248444,0
508,0.753110468387604,1
79,0.40420001745224,0
810,0.463784575462341,0
1610,0.385091632604599,0
2865,0.865878701210022,1
790,0.178244948387146,0
765,0.546934843063354,1
814,0.93891978263855,1
565,0.469733089208603,0
2293,0.795513272285461,1
1812,0.594060838222504,1
9,0.649067759513855,1
483,0.385683208703995,0
499,0.458988219499588,0
2832,0.689664781093597,1
2640,0.239589527249336,0
2370,0.288606286048889,0
314,0.124351635575294,0
360,0.626586437225342,1
648,0.179696083068848,0
1158,0.351688623428345,0
2097,0.490092933177948,0
1380,0.319242924451828,0
2980,0.135797873139381,0
1758,0.393663018941879,0
2531,0.416228920221329,0
2720,0.268618583679199,0
2056,0.421261638402939,0
1420,0.116616770625114,0
1002,0.240025639533997,0
2972,0.80455070734024,1
827,0.447929471731186,0
760,0.462132602930069,0
261,0.431445300579071,0
641,0.162198588252068,0
2479,0.447949111461639,0
407,0.769346296787262,1
2665,0.424992322921753,0
730,0.161268338561058,0
1849,0.391931533813477,0
2421,0.70082300901413,1
2615,0.155449151992798,0
2343,0.18045412003994,0
1531,0.401768028736115,0
2900,0.614447593688965,1
1473,0.317501574754715,0
1905,0.242921561002731,0
1363,0.545972466468811,1
1813,0.434086471796036,0
1668,0.723843395709991,1
2291,0.188064202666283,0
30,0.687550604343414,1
2443,0.311805963516235,0
2730,0.335805714130402,0
122,0.39466193318367,0
2632,0.187571048736572,0
1747,0.398373037576675,0
1216,0.323353707790375,0
2643,0.265849232673645,0
245,0.125876531004906,0
2518,0.559007406234741,1
2126,0.647671341896057,1
1804,0.86025333404541,1
474,0.162232950329781,0
1800,0.336425960063934,0
285,0.134594276547432,0
934,0.143069818615913,0
2341,0.049516674131155,0
1809,0.242853924632072,0
921,0.313437640666962,0
1288,0.781297385692596,1
2952,0.103729963302612,0
2778,0.0730360969901085,0
1235,0.553874254226685,1
1361,0.362361431121826,0
55,0.246276989579201,0
2618,0.425195962190628,0
229,0.591719925403595,1
2268,0.162198588252068,0
1325,0.182582408189774,0
2563,0.163726598024368,0
2225,0.199058711528778,0
304,0.0954928398132324,0
800,0.138619229197502,0
2183,0.467284321784973,0
659,0.359801679849625,0
2677,0.736662626266479,1
889,0.169311836361885,0
897,0.264244049787521,0
147,0.562241852283478,1
2087,0.373269349336624,0
401,0.757764756679535,1
1237,0.753774464130402,1
1988,0.384438723325729,0
601,0.355112582445145,0
2703,0.284332036972046,0
936,0.427784651517868,0
681,0.0784992575645447,0
2119,0.950003862380981,1
724,0.182520404458046,0
706,0.109768457710743,0
195,0.131977900862694,0
679,0.715732097625732,1
2964,0.613661348819733,1
680,0.491660892963409,0
902,0.262596756219864,0
582,0.150123134255409,0
2649,0.626926183700562,1
778,0.141120404005051,0
134,0.435160011053085,0
62,0.518456816673279,1
463,0.0920119285583496,0
57,0.484285026788712,0
120,0.72456032037735,1
518,0.322442471981049,0
546,0.415241479873657,0
2539,0.312235683202744,0
1847,0.235102564096451,0
2382,0.286785453557968,0
2227,0.131977900862694,0
1282,0.155375435948372,0
2896,0.443723827600479,0
1755,0.713193714618683,1
2420,0.440223425626755,0
742,0.287830382585526,0
999,0.420207649469376,0
2905,0.358652949333191,0
2222,0.375214040279388,0
2314,0.49439013004303,0
537,0.288589477539062,0
1429,0.250887036323547,0
53,0.910319626331329,1
666,0.65929239988327,1
1550,0.793269157409668,1
1311,0.270553410053253,0
2522,0.480114132165909,0
420,0.427710622549057,0
110,0.217460811138153,0
2351,0.12916199862957,0
1181,0.186089649796486,0
770,0.15410079061985,0
2191,0.567962527275085,1
2029,0.260017037391663,0
1218,0.131977900862694,0
2248,0.965658724308014,1
2801,0.277680158615112,0
81,0.144537091255188,0
2336,0.291790097951889,0
1575,0.206177487969398,0
2995,0.279533058404922,0
2107,0.802912354469299,1
2311,0.362428247928619,0
2714,0.167743802070618,0
20,0.69136244058609,1
656,0.153019204735756,0
2070,0.344555705785751,0
2150,0.501093327999115,1
963,0.344196707010269,0
1558,0.612488865852356,1
550,0.608989000320435,1
1061,0.149166941642761,0
348,0.374334782361984,0
768,0.293633669614792,0
1878,0.20592112839222,0
1138,0.420130014419556,0
2041,0.1325653642416,0
1895,0.850867033004761,1
2212,0.395581603050232,0
700,0.480439752340317,0
2437,0.679916858673096,1
1245,0.12916199862957,0
255,0.115542814135551,0
171,0.375956654548645,0
23,0.40686708688736,0
365,0.955211997032166,1
1462,0.288426578044891,0
610,0.152510046958923,0
2289,0.673825204372406,1
1890,0.266121238470078,0
1735,0.666559159755707,1
2576,0.427710622549057,0
2203,0.471918612718582,0
310,0.59263414144516,1
1509,0.63282835483551,1
168,0.336425960063934,0
1612,0.115542814135551,0
329,0.234132558107376,0
1137,0.766442835330963,1
1768,0.0574937723577023,0
1113,0.116616770625114,0
2527,0.173290923237801,0
1091,0.810957908630371,1
2131,0.223624885082245,0
1128,0.337065041065216,0
1078,0.752894401550293,1
2021,0.219513118267059,0
2991,0.221168294548988,0
1010,0.757312774658203,1
2215,0.358588635921478,0
288,0.566426753997803,1
1886,0.575068891048431,1
1618,0.248853594064713,0
2909,0.29223558306694,0
567,0.649199426174164,1
336,0.109768457710743,0
2344,0.821843385696411,1
299,0.0738693028688431,0
197,0.0748240575194359,0
472,0.347711086273193,0
1307,0.375214040279388,0
2414,0.791253685951233,1
2535,0.141075447201729,0
45,0.151476889848709,0
1294,0.400837630033493,0
1650,0.671884119510651,1
2740,0.49551072716713,0
1019,0.0760076716542244,0
687,0.591152548789978,1
1486,0.144611850380898,0
1000,0.142481788992882,0
2828,0.410297095775604,0
2053,0.485809296369553,0
1926,0.0634822100400925,0
1395,0.897463262081146,1
284,0.268497347831726,0
1454,0.193000212311745,0
193,0.486843347549438,0
1965,0.349552482366562,0
1030,0.109768457710743,0
833,0.650403916835785,1
155,0.24168173968792,0
2358,0.420100122690201,0
1482,0.193000212311745,0
433,0.571069240570068,1
1012,0.191583275794983,0
1198,0.206403493881226,0
415,0.687799692153931,1
1386,0.285373330116272,0
2300,0.757363498210907,1
114,0.62267804145813,1
2269,0.501162946224213,1
2011,0.444794267416,0
777,0.762346506118774,1
1197,0.495877206325531,0
1313,0.130382165312767,0
1697,0.803298711776733,1
1635,0.860756099224091,1
14,0.678154587745667,1
2741,0.644341468811035,1
247,0.293352782726288,0
828,0.333650320768356,0
1671,0.886435151100159,1
1706,0.427983552217484,0
2438,0.315225034952164,0
303,0.551670849323273,1
2821,0.782693564891815,1
2809,0.451079100370407,0
2845,0.0873534455895424,0
2142,0.62345027923584,1
449,0.287820339202881,0
2310,0.184423387050629,0
1152,0.964425206184387,1
1510,0.294007003307343,0
1141,0.270463973283768,0
2498,0.563842058181763,1
1183,0.270084410905838,0
2772,0.262596756219864,0
2759,0.312322318553925,0
735,0.57781058549881,1
1764,0.438989251852036,0
1339,0.186543181538582,0
863,0.652167558670044,1
487,0.41368892788887,0
1693,0.250168204307556,0
71,0.450299352407455,0
1540,0.841733455657959,1
2335,0.356120616197586,0
1362,0.522517144680023,1
2455,0.760864436626434,1
1822,0.439482450485229,0
1738,0.545333445072174,1
6,0.476323306560516,0
2287,0.171513885259628,0
2416,0.171638607978821,0
574,0.394483119249344,0
1792,0.533981800079346,1
815,0.46614408493042,0
1562,0.321542501449585,0
1892,0.70395028591156,1
2856,0.35123398900032,0
2274,0.171513885259628,0
958,0.715928196907043,1
1108,0.808062791824341,1
1474,0.358812361955643,0
2292,0.333624333143234,0
2719,0.260017037391663,0
705,0.239589527249336,0
1411,0.388929814100266,0
380,0.141120404005051,0
2891,0.242624387145042,0
1357,0.178910091519356,0
270,0.299614042043686,0
2054,0.453648716211319,0
2120,0.29651153087616,0
2210,0.712551176548004,1
1969,0.440429359674454,0
1648,0.73899245262146,1
2317,0.0731644332408905,0
1045,0.709531247615814,1
278,0.326903700828552,0
866,0.058238796889782,0
886,0.600558876991272,1
2990,0.338232159614563,0
688,0.462445706129074,0
254,0.562250852584839,1
178,0.311918318271637,0
1518,0.0450116991996765,0
971,0.813253104686737,1
1431,0.184423387050629,0
2136,0.571396708488464,1
749,0.340568482875824,0
1625,0.257252991199493,0
2098,0.55412346124649,1
793,0.963313579559326,1
29,0.523921251296997,1
990,0.356588453054428,0
1957,0.19323143362999,0
874,0.555518329143524,1
1309,0.908661127090454,1
1275,0.483537286520004,0
2224,0.442439556121826,0
1605,0.239589527249336,0
2480,0.329567015171051,0
1984,0.459590017795563,0
2987,0.341157257556915,0
507,0.0920500159263611,0
1888,0.438851147890091,0
1966,0.236851036548615,0
745,0.239557385444641,0
955,0.30299374461174,0
1948,0.494499176740646,0
677,0.491945713758469,0
2243,0.369468241930008,0
819,0.507587492465973,1
1070,0.352533429861069,0
2193,0.128766968846321,0
104,0.406363070011139,0
1314,0.336191862821579,0
2686,0.143759533762932,0
1863,0.279875636100769,0
2456,0.728749215602875,1
149,0.535180330276489,1
124,0.760112166404724,1
2491,0.076252818107605,0
1597,0.115542814135551,0
932,0.69920551776886,1
2806,0.396923899650574,0
991,0.0777454301714897,0
35,0.143759533762932,0
844,0.141120404005051,0
2156,0.214997157454491,0
560,0.55963534116745,1
2836,0.347145259380341,0
2048,0.184423387050629,0
2595,0.220624282956123,0
1590,0.3951416015625,0
2708,0.442489355802536,0
31,0.28849533200264,0
2592,0.901678264141083,1
1295,0.912391543388367,1
609,0.28656005859375,0
309,0.141542583703995,0
1230,0.292659878730774,0
2257,0.676371574401855,1
2687,0.377448171377182,0
744,0.703494071960449,1
2829,0.929423451423645,1
2920,0.193000212311745,0
1710,0.115838512778282,0
2276,0.231082424521446,0
445,0.643775343894958,1
257,0.485690146684647,0
2364,0.794861733913422,1
858,0.749522686004639,1
1261,0.668530404567719,1
1227,0.127993270754814,0
2139,0.16810105741024,0
140,0.158374860882759,0
847,0.386657536029816,0
1297,0.38482865691185,0
2101,0.498124152421951,0
1397,0.45505502820015,0
2738,0.144770115613937,0
2712,0.254205971956253,0
2114,0.525606870651245,1
1770,0.843602418899536,1
2984,0.485536247491837,0
84,0.107480511069298,0
492,0.683303833007812,1
2871,0.684868216514587,1
1750,0.682941079139709,1
1083,0.512845158576965,1
2025,0.791862964630127,1
811,0.314652323722839,0
533,0.117671377956867,0
2887,0.156951233744621,0
1620,0.875877380371094,1
830,0.248853594064713,0
2495,0.29223558306694,0
2718,0.451212048530579,0
748,0.809663534164429,1
1744,0.335805714130402,0
39,0.662211954593658,1
2650,0.656136095523834,1
1501,0.679321587085724,1
683,0.303267478942871,0
1436,0.968534827232361,1
2771,0.187571048736572,0
1569,0.485578656196594,0
2963,0.488697499036789,0
1743,0.0292348247021437,0
1616,0.837993621826172,1
1623,0.731952250003815,1
2023,0.278150856494904,0
318,0.58122992515564,1
1661,0.271089732646942,0
1639,0.246276989579201,0
2435,0.186089649796486,0
1996,0.459287345409393,0
506,0.366603434085846,0
2725,0.635957181453705,1
796,0.895472764968872,1
2439,0.19323143362999,0
2926,0.829196453094482,1
2975,0.632941484451294,1
2262,0.38105696439743,0
2767,0.435994982719421,0
2122,0.333819776773453,0
2561,0.355970174074173,0
1444,0.162971839308739,0
1931,0.169358283281326,0
635,0.165382385253906,0
1469,0.484562128782272,0
1232,0.10173524171114,0
825,0.282198131084442,0
1301,0.458690941333771,0
1696,0.211515873670578,0
2962,0.604314088821411,1
2057,0.732175707817078,1
236,0.473442941904068,0
1795,0.636130928993225,1
987,0.572110593318939,1
1776,0.308749675750732,0
1998,0.275806874036789,0
479,0.387024164199829,0
577,0.496291756629944,0
759,0.218438342213631,0
398,0.682590246200562,1
2216,0.446168154478073,0
235,0.0463324561715126,0
1082,0.597855031490326,1
1031,0.209506273269653,0
1129,0.397808581590652,0
2662,0.566815137863159,1
579,0.251460313796997,0
2970,0.532379508018494,1
2969,0.762305378913879,1
522,0.292998105287552,0
2807,0.755520403385162,1
58,0.356676697731018,0
2889,0.0798003375530243,0
399,0.763604283332825,1
1976,0.57404363155365,1
220,0.549819111824036,1
2599,0.341850966215134,0
187,0.0920500159263611,0
1042,0.565483570098877,1
1239,0.362755447626114,0
801,0.525895953178406,1
2077,0.858190536499023,1
1266,0.854387164115906,1
1244,0.861705541610718,1
540,0.626451253890991,1
1581,0.818550109863281,1
2017,0.279384911060333,0
1187,0.289832264184952,0
1526,0.745065867900848,1
184,0.366381794214249,0
2758,0.628560483455658,1
600,0.180580198764801,0
668,0.683466136455536,1
1337,0.295799106359482,0
2260,0.447433769702911,0
1986,0.0896519497036934,0
2785,0.702339231967926,1
412,0.546269536018372,1
2235,0.313437640666962,0
1134,0.626451253890991,1
1192,0.115838512778282,0
805,0.423397302627563,0
1646,0.232436954975128,0
1653,0.285190135240555,0
2846,0.437838613986969,0
1356,0.650481820106506,1
423,0.463672339916229,0
1636,0.871411800384521,1
1835,0.265533745288849,0
2813,0.143069818615913,0
2698,0.464346438646317,0
50,0.356471478939056,0
1390,0.0777454301714897,0
1751,0.873925745487213,1
2573,0.495897442102432,0
3000,0.501042902469635,1
754,0.390762716531754,0
345,0.553574681282043,1
1544,0.1562729626894,0
429,0.117406234145164,0
2652,0.219224914908409,0
1631,0.0463324561715126,0
330,0.392483800649643,0
1724,0.963968813419342,1
2707,0.284303665161133,0
2805,0.29740184545517,0
2841,0.315230876207352,0
296,0.433215171098709,0
617,0.733986616134644,1
1455,0.299836486577988,0
1327,0.233156219124794,0
2914,0.211516126990318,0
1272,0.124376974999905,0
1188,0.161519452929497,0
367,0.144770115613937,0
1912,0.505239188671112,1
281,0.475667417049408,0
265,0.317055433988571,0
1169,0.29651153087616,0
960,0.21684205532074,0
196,0.384638071060181,0
979,0.273499757051468,0
2323,0.313437640666962,0
1672,0.406129837036133,0
2239,0.603628575801849,1
2873,0.531850397586823,1
2858,0.131977900862694,0
1127,0.363285034894943,0
1148,0.738469660282135,1
1334,0.832718014717102,1
1845,0.856431186199188,1
450,0.835949420928955,1
2562,0.291790097951889,0
1862,0.437630116939545,0
176,0.571699678897858,1
1515,0.73997688293457,1
1689,0.364752888679504,0
417,0.151306644082069,0
436,0.353581368923187,0
1995,0.221665263175964,0
781,0.675723433494568,1
1388,0.234132558107376,0
2817,0.106637820601463,0
266,0.118312008678913,0
1484,0.17316772043705,0
1713,0.477314472198486,0
1185,0.567870736122131,1
2094,0.72724187374115,1
1143,0.492230385541916,0
2254,0.451255649328232,0
320,0.428743839263916,0
43,0.10173524171114,0
2798,0.634390234947205,1
1106,0.623921394348145,1
1732,0.757764756679535,1
1859,0.0920500159263611,0
1126,0.145999178290367,0
2915,0.270463973283768,0
1120,0.190011024475098,0
2693,0.456820875406265,0
223,0.692434668540955,1
880,0.379905551671982,0
2328,0.246169567108154,0
332,0.273831099271774,0
1920,0.725799202919006,1
2591,0.667575418949127,1
2105,0.644224464893341,1
1591,0.184423387050629,0
2100,0.310507267713547,0
1844,0.292424410581589,0
2179,0.260363847017288,0
709,0.430773079395294,0
1677,0.199399814009666,0
2616,0.270463973283768,0
1017,0.387691646814346,0
1899,0.768047213554382,1
891,0.239557385444641,0
2538,0.474378943443298,0
2013,0.269899398088455,0
246,0.17026399075985,0
1748,0.48978990316391,0
2475,0.578125774860382,1
251,0.196802124381065,0
2180,0.373269349336624,0
767,0.348754465579987,0
1596,0.519940078258514,1
595,0.337888419628143,0
1463,0.892034888267517,1
144,0.563058972358704,1
244,0.12916199862957,0
1968,0.318414449691772,0
174,0.402764707803726,0
607,0.227538019418716,0
2449,0.292047560214996,0
481,0.472845315933228,0
1790,0.366113513708115,0
334,0.676807045936584,1
2208,0.131977900862694,0
1098,0.262446999549866,0
1485,0.663723289966583,1
2012,0.373269349336624,0
526,0.181354999542236,0
1302,0.322236806154251,0
1840,0.530552506446838,1
589,0.730378985404968,1
2619,0.294237613677979,0
1206,0.30617418885231,0
1797,0.132758364081383,0
1565,0.284534692764282,0
1450,0.76198399066925,1
475,0.66024249792099,1
468,0.291352212429047,0
1884,0.0444256328046322,0
240,0.321715325117111,0
933,0.45373210310936,0
98,0.131791621446609,0
2334,0.12056291103363,0
807,0.138619229197502,0
219,0.837603390216827,1
2695,0.831609189510345,1
2153,0.410326659679413,0
2468,0.3922498524189,0
1546,0.179430559277534,0
434,0.336601138114929,0
795,0.727194428443909,1
1943,0.662339508533478,1
2998,0.347120434045792,0
2620,0.133069306612015,0
2166,0.202701538801193,0
1154,0.748354732990265,1
1003,0.146671429276466,0
1756,0.635957181453705,1
1423,0.205646932125092,0
1219,0.641384840011597,1
2186,0.122068785130978,0
1096,0.676849365234375,1
2277,0.577887833118439,1
2046,0.163092330098152,0
2949,0.931355178356171,1
729,0.660142660140991,1
172,0.408871710300446,0
812,0.28368753194809,0
1608,0.138173162937164,0
2706,0.397898226976395,0
1910,0.897281229496002,1
996,0.437064915895462,0
52,0.410031020641327,0
1594,0.347661525011063,0
1956,0.181851223111153,0
1489,0.431538730859756,0
1794,0.109768457710743,0
2039,0.498124152421951,0
297,0.107893161475658,0
112,0.32427579164505,0
2908,0.376144260168076,0
2663,0.253759890794754,0
513,0.317019313573837,0
2229,0.100847981870174,0
1503,0.498069256544113,0
2864,0.520544052124023,1
1731,0.567402482032776,1
1077,0.350553154945374,0
686,0.170495420694351,0
703,0.101746559143066,0
1904,0.7270787358284,1
2128,0.116616770625114,0
1021,0.681366741657257,1
2318,0.867622196674347,1
411,0.122068785130978,0
621,0.204207614064217,0
1324,0.334679245948792,0
222,0.487989634275436,0
947,0.478011846542358,0
2978,0.106828764081001,0
2024,0.245877131819725,0
1877,0.750681638717651,1
2278,0.217817395925522,0
710,0.318381935358047,0
446,0.251329809427261,0
2445,0.300986498594284,0
72,0.406546175479889,0
96,0.57554817199707,1
868,0.465631157159805,0
1982,0.442427903413773,0
1629,0.307882606983185,0
803,0.635957181453705,1
837,0.684701681137085,1
1009,0.685164988040924,1
836,0.257018744945526,0
2162,0.397008925676346,0
108,0.0983442440629005,0
226,0.584211349487305,1
2390,0.479492485523224,0
455,0.318381935358047,0
663,0.233542248606682,0
1505,0.409872978925705,0
2877,0.239557385444641,0
2177,0.149331897497177,0
1371,0.361067146062851,0
2346,0.273915380239487,0
2473,0.246276989579201,0
2369,0.743599474430084,1
1446,0.143483504652977,0
1524,0.0503746718168259,0
741,0.367244958877563,0
1180,0.50910097360611,1
2050,0.131977900862694,0
2378,0.557930529117584,1
117,0.411764591932297,0
1902,0.258405059576035,0
1923,0.390410333871841,0
311,0.235102564096451,0
2297,0.0585457682609558,0
736,0.553525567054749,1
418,0.750249147415161,1
143,0.5611851811409,1
1615,0.138619229197502,0
1173,0.194859117269516,0
1438,0.476237654685974,0
2519,0.242287397384644,0
1714,0.547889649868011,1
1657,0.157063111662865,0
1439,0.457682490348816,0
2684,0.171281307935715,0
295,0.823755264282227,1
1203,0.698243975639343,1
374,0.422796070575714,0
1247,0.102291725575924,0
133,0.302063286304474,0
2200,0.319231301546097,0
1728,0.867573142051697,1
1749,0.458677411079407,0
581,0.41800132393837,0
2496,0.180504575371742,0
848,0.553874254226685,1
572,0.536391794681549,1
1694,0.23539263010025,0
2231,0.742240369319916,1
1573,0.599064528942108,1
816,0.787376165390015,1
2797,0.131791621446609,0
2556,0.433271259069443,0
153,0.0463324561715126,0
1074,0.469024479389191,0
2505,0.794518649578094,1
1370,0.608641505241394,1
1944,0.242483720183372,0
1536,0.0663981065154076,0
878,0.378204315900803,0
2756,0.544884264469147,1
918,0.306483775377274,0
766,0.393910616636276,0
875,0.639509081840515,1
1364,0.750270903110504,1
2363,0.644811511039734,1
1076,0.197309166193008,0
440,0.36053854227066,0
1166,0.55097907781601,1
2159,0.214215815067291,0
2879,0.438323557376862,0
643,0.540004134178162,1
1053,0.821911334991455,1
737,0.42539194226265,0
586,0.204207614064217,0
1938,0.426037639379501,0
54,0.569656729698181,1
2280,0.458657532930374,0
2218,0.972486138343811,1
1189,0.496261924505234,0
148,0.801304161548615,1
493,0.470441490411758,0
2307,0.187571048736572,0
2928,0.506398379802704,1
202,0.700977683067322,1
2847,0.656550407409668,1
375,0.427957803010941,0
1523,0.355591118335724,0
2582,0.430773079395294,0
2075,0.754678666591644,1
106,0.135797873139381,0
2726,0.196966171264648,0
997,0.239557385444641,0
1215,0.738388359546661,1
99,0.483215421438217,0
372,0.247471630573273,0
535,0.520510673522949,1
75,0.204207614064217,0
2985,0.146607801318169,0
2532,0.206403493881226,0
489,0.534433364868164,1
1997,0.832767963409424,1
693,0.498841643333435,0
201,0.490534961223602,0
614,0.469567805528641,0
17,0.380354881286621,0
32,0.281587958335876,0
1092,0.432109743356705,0
2898,0.250032752752304,0
1428,0.130382165312767,0
1560,0.367574781179428,0
2030,0.619778573513031,1
720,0.0444256328046322,0
248,0.143759533762932,0
2168,0.138619229197502,0
664,0.517458319664001,1
2983,0.076252818107605,0
177,0.193000212311745,0
2613,0.334679245948792,0
2780,0.47062212228775,0
2032,0.169125512242317,0
2574,0.795667350292206,1
840,0.608422219753265,1
2808,0.615976572036743,1
465,0.454139351844788,0
1506,0.379688620567322,0
2641,0.629230260848999,1
563,0.425440549850464,0
232,0.331402897834778,0
175,0.267111092805862,0
2431,0.242287397384644,0
1164,0.133718878030777,0
690,0.270162969827652,0
755,0.469361454248428,0
1213,0.632752478122711,1
588,0.384011059999466,0
1705,0.548991084098816,1
1940,0.630206644535065,1
2478,0.566815137863159,1
1059,0.279614597558975,0
1358,0.199813783168793,0
2512,0.10173524171114,0
1118,0.355602830648422,0
982,0.44658899307251,0
2250,0.169311836361885,0
1704,0.479625731706619,0
948,0.333689481019974,0
1643,0.354879230260849,0
2692,0.413660377264023,0
1543,0.154106438159943,0
1579,0.344196707010269,0
2471,0.413098901510239,0
2010,0.067485898733139,0
2533,0.38554373383522,0
1611,0.423408061265945,0
1023,0.658808350563049,1
123,0.325592279434204,0
2881,0.590417742729187,1
2228,0.677544116973877,1
2061,0.425800889730453,0
1097,0.315225034952164,0
769,0.420178115367889,0
1848,0.983319580554962,1
2820,0.131791621446609,0
2583,0.161268338561058,0
1867,0.534971296787262,1
2884,0.0784992575645447,0
2201,0.184423387050629,0
1038,0.760864436626434,1
869,0.954229414463043,1
2567,0.207162395119667,0
2979,0.457211315631866,0
2717,0.723890602588654,1
238,0.295201301574707,0
606,0.246169567108154,0
2802,0.757764756679535,1
503,0.109768457710743,0
2022,0.400652378797531,0
1100,0.423408061265945,0
2073,0.148188248276711,0
2251,0.184011116623878,0
1140,0.17141130566597,0
1530,0.377448171377182,0
198,0.21684205532074,0
141,0.376290172338486,0
355,0.229020938277245,0
139,0.242483720183372,0
1903,0.325468152761459,0
359,0.478278875350952,0
2074,0.438502132892609,0
1763,0.379111915826797,0
538,0.3746697306633,0
689,0.40919902920723,0
905,0.239503934979439,0
1222,0.770855247974396,1
2279,0.242287397384644,0
1832,0.33582615852356,0
2656,0.169358283281326,0
1322,0.0708515867590904,0
1533,0.759653687477112,1
1130,0.284181922674179,0
405,0.11053255200386,0
1435,0.423408061265945,0
2699,0.285985589027405,0
2685,0.654266655445099,1
2192,0.600846230983734,1
553,0.184423387050629,0
119,0.601064085960388,1
1340,0.710653901100159,1
929,0.315225034952164,0
2971,0.250893652439117,0
779,0.72724187374115,1
2410,0.714597582817078,1
2469,0.33174929022789,0
976,0.799002408981323,1
2033,0.327475875616074,0
2945,0.193000212311745,0
289,0.684310019016266,1
2610,0.257353007793427,0
1801,0.0670380443334579,0
165,0.435030043125153,0
2935,0.539681673049927,1
650,0.19323143362999,0
695,0.708230137825012,1
1487,0.334258586168289,0
2736,0.187571048736572,0
63,0.729031324386597,1
2763,0.305583596229553,0
2951,0.470268815755844,0
1869,0.411764591932297,0
2451,0.373930066823959,0
1412,0.372973769903183,0
2174,0.275431960821152,0
1449,0.163921073079109,0
860,0.283699452877045,0
1821,0.203077331185341,0
939,0.696510791778564,1
131,0.28656005859375,0
256,0.672349333763123,1
2542,0.429870367050171,0
2853,0.506398379802704,1
1312,0.460302919149399,0
73,0.143759533762932,0
1652,0.371746063232422,0
1393,0.7471804022789,1
1552,0.214215815067291,0
1410,0.330591857433319,0
514,0.343221962451935,0
65,0.106637820601463,0
301,0.324305593967438,0
2001,0.442357629537582,0
2312,0.666089534759521,1
396,0.680016934871674,1
1520,0.365420907735825,0
2190,0.459590017795563,0
1586,0.138619229197502,0
2360,0.247471630573273,0
2906,0.488951534032822,0
1915,0.537752568721771,1
93,0.12056291103363,0
1258,0.359367877244949,0
167,0.42049652338028,0
2051,0.335805714130402,0
2988,0.0789559110999107,0
1133,0.42319992184639,0
1281,0.466677695512772,0
19,0.291547566652298,0
33,0.340119689702988,0
1483,0.598096907138824,1
2111,0.469375312328339,0
802,0.178244948387146,0
1383,0.29223558306694,0
864,0.5345818400383,1
1843,0.291790097951889,0
181,0.305465757846832,0
2069,0.355112582445145,0
1054,0.755440413951874,1
496,0.275278925895691,0
2395,0.19323143362999,0
103,0.357861489057541,0
291,0.29223558306694,0
1606,0.489295870065689,0
1248,0.622839450836182,1
486,0.756455361843109,1
639,0.417582929134369,0
1172,0.443723827600479,0
347,0.268851637840271,0
1493,0.691080331802368,1
1430,0.721793174743652,1
1440,0.498588025569916,0
485,0.273200869560242,0
1939,0.440553426742554,0
300,0.188164919614792,0
2814,0.109768457710743,0
2283,0.521788358688354,1
1977,0.623627305030823,1
2834,0.926418244838715,1
2804,0.893096089363098,1
2913,0.179696083068848,0
1085,0.19323143362999,0
2982,0.10173524171114,0
1654,0.189141228795052,0
1124,0.543610751628876,1
2844,0.434721112251282,0
580,0.625385820865631,1
2220,0.717292010784149,1
1040,0.650249838829041,1
64,0.32681867480278,0
2885,0.143539994955063,0
968,0.144770115613937,0
2944,0.0622935444116592,0
327,0.0836780294775963,0
319,0.523437798023224,1
1033,0.262663573026657,0
2572,0.169311836361885,0
460,0.479965180158615,0
2143,0.143759533762932,0
1277,0.250007033348083,0
454,0.0731729194521904,0
85,0.433730483055115,0
562,0.313437640666962,0
817,0.736497759819031,1
1917,0.331260323524475,0
2942,0.751380681991577,1
1512,0.320877999067307,0
2125,0.632436692714691,1
2273,0.492745965719223,0
1971,0.239733204245567,0
2749,0.331491202116013,0
2089,0.642383277416229,1
1973,0.0571772269904613,0
2405,0.199084341526031,0
2941,0.280393600463867,0
2810,0.406129837036133,0
2674,0.442427903413773,0
642,0.176224336028099,0
1789,0.345832526683807,0
559,0.0976392924785614,0
532,0.813253104686737,1
302,0.329109996557236,0
1778,0.943902432918549,1
1264,0.514037191867828,1
13,0.0411193333566189,0
1492,0.355290085077286,0
583,0.805976629257202,1
1342,0.515401899814606,1
674,0.566815137863159,1
1818,0.44170418381691,0
60,0.432929366827011,0
346,0.291790097951889,0
1457,0.106637820601463,0
2488,0.477279275655746,0
691,0.246169567108154,0
564,0.348554342985153,0
1592,0.519155621528625,1
1882,0.562802493572235,1
623,0.58122992515564,1
2132,0.694049954414368,1
1733,0.40468418598175,0
1720,0.335534602403641,0
2247,0.310359716415405,0
1055,0.627111732959747,1
871,0.193000212311745,0
1025,0.610065877437592,1
1786,0.360560715198517,0
344,0.827167153358459,1
1729,0.49696958065033,0
984,0.76057356595993,1
787,0.584342420101166,1
1717,0.355112582445145,0
1041,0.511611461639404,1
2007,0.049516674131155,0
2668,0.330751150846481,0
2819,0.854771077632904,1
477,0.229378491640091,0
1001,0.593867838382721,1
317,0.206299781799316,0
2064,0.648256838321686,1
644,0.602605044841766,1
402,0.537461459636688,1
1360,0.178910091519356,0
818,0.274489849805832,0
1207,0.754678666591644,1
2762,0.323352187871933,0
1711,0.58122992515564,1
2165,0.796037137508392,1
1919,0.362958610057831,0
1578,0.521954476833344,1
545,0.589191615581512,1
822,0.660008549690247,1
111,0.199399814009666,0
76,0.227921083569527,0
1246,0.710804998874664,1
47,0.546263158321381,1
2117,0.260709375143051,0
594,0.730992913246155,1
2774,0.255080014467239,0
1547,0.493158608675003,0
789,0.71007376909256,1
1762,0.251790523529053,0
2079,0.790255784988403,1
587,0.135797873139381,0
370,0.131586685776711,0
2921,0.305046916007996,0
2760,0.0777454301714897,0
2882,0.224695757031441,0
2657,0.295574516057968,0
2510,0.161519452929497,0
36,0.165488049387932,0
2781,0.193085074424744,0
381,0.227921083569527,0
323,0.565201818943024,1
834,0.425906389951706,0
2320,0.122860178351402,0
480,0.150627821683884,0
2671,0.796030759811401,1
1381,0.533465683460236,1
981,0.375754296779633,0
2306,0.592523336410522,1
2932,0.270463973283768,0
1190,0.171281307935715,0
544,0.220549613237381,0
2324,0.548379957675934,1
536,0.161117896437645,0
1981,0.336213231086731,0
2761,0.597257137298584,1
1225,0.483317911624908,0
1280,0.262596756219864,0
838,0.533734023571014,1
1299,0.307115912437439,0
2440,0.765467882156372,1
881,0.758676826953888,1
1873,0.55747789144516,1
682,0.205236360430717,0
625,0.214567825198174,0
2189,0.498069256544113,0
1369,0.433781862258911,0
2088,0.378521263599396,0
747,0.338433563709259,0
2633,0.37989729642868,0
2127,0.792809426784515,1
21,0.498124152421951,0
2934,0.221712365746498,0
478,0.242483720183372,0
12,0.612436592578888,1
2943,0.179145276546478,0
189,0.647221088409424,1
1400,0.967373132705688,1
2919,0.369295537471771,0
2901,0.435761600732803,0
1162,0.190486997365952,0
2745,0.884410679340363,1
2272,0.756081879138947,1
2835,0.253075003623962,0
669,0.0239654742181301,0
2397,0.31187504529953,0
2171,0.575328409671783,1
1226,0.230811282992363,0
2601,0.295815229415894,0
2302,0.168027132749557,0
1572,0.757428884506226,1
1936,0.46687325835228,0
1110,0.121007226407528,0
1018,0.812908351421356,1
1387,0.242483720183372,0
1504,0.375031173229218,0
2594,0.383632004261017,0
1857,0.468657106161118,0
363,0.536743700504303,1
387,0.606006622314453,1
862,0.17316772043705,0
1488,0.232181787490845,0
2020,0.634231209754944,1
2184,0.635214626789093,1
843,0.307776659727097,0
1601,0.242483720183372,0
146,0.433484584093094,0
2424,0.140078574419022,0
1991,0.393663018941879,0
2367,0.151476889848709,0
1448,0.101746559143066,0
1673,0.254981815814972,0
2149,0.600058019161224,1
1897,0.113690830767155,0
1730,0.17316772043705,0
1384,0.469424903392792,0
2799,0.128766968846321,0
218,0.214215815067291,0
906,0.101492933928967,0
849,0.306237727403641,0
2857,0.176215007901192,0
919,0.324248373508453,0
1666,0.614196360111237,1
279,0.781027019023895,1
2377,0.47795045375824,0
2974,0.814887225627899,1
1224,0.241524457931519,0
2790,0.400858998298645,0
192,0.560715973377228,1
461,0.520921289920807,1
2690,0.347395092248917,0
2104,0.219114989042282,0
867,0.537404358386993,1
2221,0.18529012799263,0
2444,0.292526066303253,0
28,0.460681170225143,0
2185,0.735578894615173,1
1142,0.735790908336639,1
